number;state;author;title;created_at;closed;closed_at;repo_name
1271;OPEN;Muller Helen;does  lets-plot support embeded in java and scala;2024-12-20T06:06:25Z;False;;lets-plot
1270;OPEN;Artem Smirnov;`geom_boxplot`: the plot is not drawn if there is a grouping and one of the categories contains only NaN;2024-12-18T13:26:26Z;False;;lets-plot
1269;OPEN;Artem Smirnov;`scale_color_gradient`: Tooltip formatting does not inherit from scale formatting;2024-12-18T12:44:37Z;False;;lets-plot
1268;OPEN;;Native support for PNG exports;2024-12-18T11:53:39Z;False;;lets-plot
1267;OPEN;Artem Smirnov;`geom_text`: too small label size when applied log10 transformation;2024-12-18T11:35:08Z;False;;lets-plot
1266;OPEN;;Typo in element_text docs;2024-12-18T11:00:40Z;False;;lets-plot
1265;OPEN;;element_text margin support for dictionary;2024-12-18T10:16:27Z;False;;lets-plot
1264;OPEN;Artem Smirnov;`geom_crossbar`: Add `labels` parameter;2024-12-18T10:00:49Z;False;;lets-plot
1263;OPEN;;Custom theme development improvement;2024-12-18T09:54:42Z;False;;lets-plot
1262;OPEN;;Custom ticks in colorbars?;2024-12-18T09:24:37Z;False;;lets-plot
1261;CLOSED;Ben Woodworth;Plot limited to 1000 lines (`Internal error: IllegalStateException : Too many groups: 1099`);2024-12-09T19:18:42Z;True;2024-12-12T10:04:02Z;lets-plot
1257;OPEN;Artem Smirnov;`scale_x_reverse` breaks datetime formatting;2024-12-04T15:05:49Z;False;;lets-plot
1256;OPEN;maxidiazbattan;Feature Request: Addition of element_markdown() or something similar, to highlight part of the plot title or subtitle;2024-11-29T09:23:02Z;False;;lets-plot
1254;CLOSED;Nikita.Pavlenko;Tooltips overlapping when not enough vertical space for them;2024-11-26T13:19:02Z;True;2024-12-03T20:43:24Z;lets-plot
1252;CLOSED;Zafer Kosar;gggrid does not share labels ;2024-11-22T11:35:47Z;True;2024-11-24T18:26:44Z;lets-plot
1251;CLOSED;Ivan Kupriyanov;"Incorrect result for `format(9.999, "".2f"")`";2024-11-20T19:16:36Z;True;2024-11-22T20:59:01Z;lets-plot
1250;CLOSED;Artem Smirnov;`theme`: parameter `exponent_format` does not switch on superscript;2024-11-19T12:39:58Z;True;2024-12-06T11:03:02Z;lets-plot
1248;CLOSED;Aldo Saavedra;How to adjust the vertical position of geom_text when using position_dodge;2024-11-18T13:57:44Z;True;2024-12-04T15:57:51Z;lets-plot
1246;CLOSED;Artem Smirnov;"Badly formatted zero break for the ""~g"" format";2024-11-14T17:23:24Z;True;2024-11-15T17:24:10Z;lets-plot
1245;CLOSED;Artem Smirnov;Axis breaks are badly formatted if explicitly set;2024-11-14T15:45:41Z;True;2024-11-15T13:51:20Z;lets-plot
1244;OPEN;Niclas;Feature Request: Permanent Tooltip / Annotate last datapoint;2024-11-14T15:09:48Z;False;;lets-plot
1241;CLOSED;Artem Smirnov;Extra trim in formatted number when type='g';2024-11-12T14:02:59Z;True;2024-11-12T16:47:44Z;lets-plot
1240;CLOSED;Artem Smirnov;Wrong formatting when type='s' with explicit precision;2024-11-12T13:52:27Z;True;2024-11-12T16:47:43Z;lets-plot
1239;CLOSED;Artem Smirnov;Formatting when type='g' for large values throws exception;2024-11-12T13:42:49Z;True;2024-11-12T16:47:43Z;lets-plot
1238;CLOSED;Artem Smirnov;Wrong formatting when type='g' for small values;2024-11-12T13:34:09Z;True;2024-11-12T16:47:42Z;lets-plot
1236;CLOSED;;Can't  insert a different label or title, per plot, for plots in FacetWrap or FacetGrid;2024-11-11T18:07:20Z;True;2024-11-19T22:11:52Z;lets-plot
1235;OPEN;Zafer Kosar;Legend overflow ;2024-11-11T04:14:20Z;False;;lets-plot
1234;CLOSED;DipuRai;lets_plot_kotlin_bridge is unable to locate libc++.1.dylib, I am using Mac m2;2024-11-09T08:53:21Z;True;2024-11-28T04:50:00Z;lets-plot
1232;OPEN;Ivan Kupriyanov;Sec: CVE-2024-49580 (ktor);2024-10-29T17:01:51Z;False;;lets-plot
1231;OPEN;Ivan Kupriyanov;Sec: CVE-2024-47554 (commons-io);2024-10-29T16:58:15Z;False;;lets-plot
1230;OPEN;;vjust and hjust do not work with axis_text;2024-10-29T12:08:40Z;False;;lets-plot
1228;CLOSED;Gregory Mitchell;Kandy `toPNG` reports NullPointerException;2024-10-25T23:17:48Z;True;2024-11-04T21:21:48Z;lets-plot
1227;OPEN;Igor Alshannikov;Not possible to line up angled labels with the axis tick marks;2024-10-25T18:19:19Z;False;;lets-plot
1224;CLOSED;Ilya Muradyan;Grouped plot hits the limit of 1000 and doesn't render with not-friendly exception;2024-10-23T02:42:36Z;True;2024-12-12T10:04:01Z;lets-plot
1216;OPEN;Igor Alshannikov;theme: error parsing color value pen;2024-10-21T00:48:46Z;False;;lets-plot
1215;OPEN;Igor Alshannikov;coord_polar: support geom_abline;2024-10-19T00:33:58Z;False;;lets-plot
1214;CLOSED;Igor Alshannikov;coord_polar: geom_point tooltips should take in account point size.;2024-10-18T23:41:15Z;True;2024-10-21T15:33:21Z;lets-plot
1213;OPEN;Igor Alshannikov;"coord_polar: using ""size_unit"" parameter in geom_point produce emptiness ";2024-10-18T23:20:12Z;False;;lets-plot
1212;OPEN;Igor Alshannikov;"Error when using ` scale_identity(aesthetic=""shape"")`";2024-10-18T20:01:52Z;False;;lets-plot
1211;OPEN;Igor Alshannikov;Improve tooltip docs;2024-10-17T01:28:46Z;False;;lets-plot
1210;OPEN;Bernhard Liebl;geom_imshow and scale_y_reverse;2024-10-16T08:13:02Z;False;;lets-plot
1199;OPEN;;Area chart with gradient fill;2024-09-26T09:28:21Z;False;;lets-plot
1198;CLOSED;;Allow tuples to define the linetype in element_line;2024-09-26T09:21:53Z;True;2024-10-23T20:31:02Z;lets-plot
1197;OPEN;Eric Chameroy;Request: add annotation_raster();2024-09-25T18:18:30Z;False;;lets-plot
1196;OPEN;Essi Parent;Failed installation on Pyodide with micropip;2024-09-25T14:52:21Z;False;;lets-plot
1195;CLOSED;Igor Alshannikov;Theme: missing strip.text.x parameter;2024-09-23T19:07:34Z;True;2024-10-23T20:27:17Z;lets-plot
1194;CLOSED;Ivan Kupriyanov;Incorrect Y-axis layout with facets and panel_inset;2024-09-23T15:50:34Z;True;2024-11-28T19:44:26Z;lets-plot
1191;CLOSED;;Removing only x facet labels in facet_grid;2024-09-22T22:11:25Z;True;2024-09-23T19:11:27Z;lets-plot
1189;CLOSED;Artem Smirnov;`ggmarginal`: bottom `boxplot` is broken;2024-09-16T15:34:46Z;True;2024-09-17T19:41:07Z;lets-plot
1188;OPEN;Oliver Rausch;Tooltips overrunning the plot;2024-09-16T15:29:47Z;False;;lets-plot
1187;CLOSED;Oliver Rausch;Suboptimal tooltip positioning in facets;2024-09-16T15:28:27Z;True;2024-11-28T20:49:37Z;lets-plot
1186;CLOSED;Ivan Kupriyanov;Display integer values without fractional part in tooltips;2024-09-13T11:00:40Z;True;2024-11-28T16:48:35Z;lets-plot
1185;OPEN;Igor Alshannikov;Axis: Logarithmic;2024-09-11T21:03:33Z;False;;lets-plot
1184;OPEN;Igor Alshannikov;Axis: Capping;2024-09-11T21:02:08Z;False;;lets-plot
1183;OPEN;Igor Alshannikov;Axis: Minor ticks;2024-09-11T21:00:55Z;False;;lets-plot
1182;OPEN;Igor Alshannikov;Coord: Partial polar plots;2024-09-11T20:44:43Z;False;;lets-plot
1181;CLOSED;Igor Alshannikov;Legend: add theme parameters controlling size of the key.;2024-09-11T20:42:17Z;True;2024-10-23T20:26:20Z;lets-plot
1180;CLOSED;Igor Alshannikov;"Legend: add theme ""Spacing and margins""";2024-09-11T20:38:09Z;True;2024-10-23T20:25:18Z;lets-plot
1179;OPEN;Igor Alshannikov;"Legend: add ""Placement"" feature";2024-09-11T20:17:43Z;False;;lets-plot
1178;OPEN;Ivan Kupriyanov;Add an option to configure axis tooltips when user-defined breaks are provided;2024-09-10T11:36:44Z;False;;lets-plot
1176;CLOSED;Ivan Kupriyanov;sampling_vertex_dp may break rings;2024-09-09T18:17:20Z;True;2024-09-09T18:40:31Z;lets-plot
1175;CLOSED;Ivan Kupriyanov;sampling_vertex_vw doesn't work as expected;2024-09-09T17:45:16Z;True;2024-09-09T18:40:49Z;lets-plot
1174;CLOSED;Ivan Kupriyanov;Vertex sampling uses different tolerances for objects within the same plot;2024-09-09T17:38:04Z;True;2024-09-09T18:41:15Z;lets-plot
1173;OPEN;Igor Alshannikov;Better documentation for the `tooltips` parameter in layer.;2024-09-05T16:36:09Z;False;;lets-plot
1172;CLOSED;Igor Alshannikov;Implement `inherit.aes` flag in layer;2024-09-05T00:34:33Z;True;2024-09-06T23:30:29Z;lets-plot
1169;OPEN;Artem Smirnov;geom_livemap: add support for geom_band() layer;2024-09-02T11:07:51Z;False;;lets-plot
1168;CLOSED;Eric Chameroy;Unable to display or save graph when using geom_path;2024-09-02T05:43:13Z;True;2024-09-09T18:39:18Z;lets-plot
1167;CLOSED;Zafer Kosar;transparent background option for ggsave and `to_*()` methods;2024-08-25T01:50:19Z;True;2024-10-23T20:34:24Z;lets-plot
1166;CLOSED;Zafer Kosar;superscript formatting;2024-08-25T01:22:24Z;True;2024-08-27T22:22:10Z;lets-plot
1164;CLOSED;Anne;labels no longer working (xlab and ylab) in 4.4.0 ;2024-08-20T00:41:27Z;True;2024-08-20T18:19:03Z;lets-plot
1161;CLOSED;Aldo Saavedra;secondary y-axis;2024-08-14T21:30:19Z;True;2024-08-20T07:40:46Z;lets-plot
1159;CLOSED;Artem Smirnov;`waterfall_plot`: add parameter to change baseline from 0 to any value;2024-08-12T11:30:58Z;True;2024-09-03T11:03:36Z;lets-plot
1158;OPEN;Artem Smirnov;`geom_point`: `stroke` aesthetic should affect total point size when `shape=19`;2024-08-12T11:13:28Z;False;;lets-plot
1157;CLOSED;Artem Smirnov;`geom_histogram`: wrong plot area when `y='..density..'`;2024-08-12T10:54:34Z;True;2024-08-19T17:54:17Z;lets-plot
1155;CLOSED;Alexander Raichev;Is there an out-of-the-box way to do a faceted histogram with percentages instead of counts?;2024-08-07T00:21:53Z;True;2024-08-20T16:37:08Z;lets-plot
1153;CLOSED;Artem Smirnov;waterfall_plot: tooltips don't work with column names from original dataset;2024-08-05T16:56:54Z;True;2024-09-03T11:03:36Z;lets-plot
1152;CLOSED;Artem Smirnov;waterfall_plot: faceting doesn't work without a measure mapping;2024-08-05T15:04:01Z;True;2024-09-03T11:03:35Z;lets-plot
1150;OPEN;sunny.ayyl;Upgrade to newer version of `ws`;2024-08-04T20:22:06Z;False;;lets-plot
1149;CLOSED;Igor Alshannikov;cmapmpl color scale doesn't show the entire range of colors in continuous cmap.;2024-08-02T20:48:43Z;True;2024-08-02T21:03:07Z;lets-plot
1147;OPEN;Mikhail Koroteev;Dotted line is not shown on a legend item with larger size;2024-08-02T18:38:36Z;False;;lets-plot
1143;OPEN;Artem Smirnov;`geom_label`: `hjust` parameter doesn't understand values other than 0, 0.5, 1;2024-07-31T14:37:50Z;False;;lets-plot
1136;CLOSED;sunny.ayyl;Improve how Jax array is handled;2024-07-25T19:48:14Z;True;2024-08-06T16:58:30Z;lets-plot
1134;CLOSED;Ivan Kupriyanov;Bad precision in the default tooltip format when using coord limits;2024-07-24T17:59:52Z;True;2024-11-29T11:59:18Z;lets-plot
1133;CLOSED;;"`facet_wrap(scales = ""free"")` does not allow x-axis to vary";2024-07-22T21:47:51Z;True;2024-07-23T01:41:04Z;lets-plot
1132;OPEN;Ivan Kupriyanov;as_discrete: the label parameter is ignored if the levels parameter is set;2024-07-22T19:08:52Z;False;;lets-plot
1129;OPEN;Mikhail Koroteev;Duplicated legend labels are not allowed;2024-07-16T18:31:47Z;False;;lets-plot
1126;CLOSED;;lets-plot in marimo: the import * problem;2024-07-06T00:56:42Z;True;2024-07-08T18:49:12Z;lets-plot
1124;OPEN;Ivan Kupriyanov;Broken plot_background on gggrid;2024-07-01T14:53:34Z;False;;lets-plot
1123;CLOSED;;Hi there! When will 4.3.4 be available？#manual_legend.ipynb#;2024-06-30T09:39:10Z;True;2024-06-30T19:53:43Z;lets-plot
1122;CLOSED;Igor Alshannikov;"Facets: ""free x-scale"" has no effect on histogram.";2024-06-27T16:18:06Z;True;2024-07-24T15:40:46Z;lets-plot
1117;CLOSED;Eric;density2d plot extent by default;2024-06-18T14:53:05Z;True;2024-06-21T19:41:32Z;lets-plot
1114;OPEN;night_loves_twilight;Suggestion for Native Support to Extract Plot Statistics and Add Significance Annotations in Lets-Plot;2024-06-16T05:55:59Z;False;;lets-plot
1113;CLOSED;Olga Larionova;Axis title via `labs()` breaks the date-time scale;2024-06-13T16:48:42Z;True;2024-06-21T08:54:00Z;lets-plot
1110;CLOSED;Eric;Request for new function : Matplotlib colormap format;2024-06-01T17:24:20Z;True;2024-07-25T21:55:28Z;lets-plot
1105;CLOSED;Ilya Muradyan;Plot-image-export artifact publication is broken;2024-05-17T18:53:32Z;True;2024-05-23T17:42:11Z;lets-plot
1103;CLOSED;Ilya Muradyan;Memory leak in SvgTextNode;2024-05-17T16:00:26Z;True;2024-05-17T17:16:54Z;lets-plot
1102;OPEN;Andrei Kislitsyn;"Add ""steped""(""binned"") scales";2024-05-17T08:27:26Z;False;;lets-plot
1101;CLOSED;Artem Smirnov;`theme`: left margin doesn't work for the `plot_title` parameter;2024-05-13T17:14:39Z;True;2024-05-14T09:56:06Z;lets-plot
1100;OPEN;Sergio Calderón Pérez-Lozao;Colors in Databricks Notebooks Change Between Dark and Light Mode;2024-05-10T16:29:51Z;False;;lets-plot
1097;OPEN;Artem Smirnov;`facet_wrap`: make the axes on all facets the same in polar coordinates;2024-05-07T12:38:09Z;False;;lets-plot
1095;OPEN;Ivan Kupriyanov;Support tick rotation on a polar plot;2024-05-06T09:46:02Z;False;;lets-plot
1093;CLOSED;Igor Alshannikov;"Livemap: improve ""tiles"" documentation ";2024-05-01T16:17:52Z;True;2024-05-08T15:22:35Z;lets-plot
1092;OPEN;night_loves_twilight;Are there any intentions to potentially incorporate features similar to ggrepel or adjustText in the future?;2024-04-30T01:29:44Z;False;;lets-plot
1091;CLOSED;Pavel Vinokurov;Interactive links in tooltipss/labels/texts;2024-04-29T12:53:00Z;True;2024-11-05T19:36:09Z;lets-plot
1090;OPEN;J. Hathaway;Mac M3 Python can't find Cairo;2024-04-28T23:55:08Z;False;;lets-plot
1088;OPEN;Artem Smirnov;`geom_imshow`: unclear error message when mixing transparencies;2024-04-27T10:09:16Z;False;;lets-plot
1087;OPEN;Artem Smirnov;`geom_area_ridges`: support variadic `color`;2024-04-26T15:26:43Z;False;;lets-plot
1086;CLOSED;Ivan Kupriyanov;The GeoJson structure breaks if the ring start label occurs several times;2024-04-25T17:24:17Z;True;2024-05-08T16:49:24Z;lets-plot
1084;CLOSED;Ivan Kupriyanov;Polygon with 2 points should be skipped silently;2024-04-23T09:23:48Z;True;2024-04-23T20:09:49Z;lets-plot
1081;OPEN;Rashid Yangazov;Barb plot based on `geom_spoke()`;2024-04-15T18:14:52Z;False;;lets-plot
1080;OPEN;Brent Gunderson;Interactive legend;2024-04-11T23:06:11Z;False;;lets-plot
1076;OPEN;Igor Alshannikov;Unittest `NumberFormatExtremesTest` fails with corretto-21 JDK;2024-04-08T21:22:09Z;False;;lets-plot
1074;CLOSED;Ivan Kupriyanov;Plot layout breaks when marginal layers are used;2024-04-06T10:08:03Z;True;2024-04-09T18:34:47Z;lets-plot
1071;CLOSED;Ivan Kupriyanov;Add a compact format of scientific notation (new symbol, not a regular 'e');2024-04-01T21:10:34Z;True;2024-10-23T20:24:47Z;lets-plot
1070;OPEN;Artem Smirnov;geom_spoke: add scale for the radius aesthetic;2024-04-01T11:37:30Z;False;;lets-plot
1068;CLOSED;Eric;Weird and problematic behavior : lets-plot does not respect x and y. Sizing problem ?;2024-03-27T18:14:03Z;True;2024-03-29T16:50:22Z;lets-plot
1067;CLOSED;Igor Alshannikov;"`to_svg()`, `to_html()`: return the content as string if no ""path"" is given.";2024-03-27T17:34:36Z;True;2024-04-24T15:11:50Z;lets-plot
1066;OPEN;Artem Smirnov;Revise the scales for sizes of points;2024-03-27T13:15:26Z;False;;lets-plot
1065;OPEN;Artem Smirnov;geom_spoke: support GeoDataFrame;2024-03-26T16:37:28Z;False;;lets-plot
1062;CLOSED;Igor Alshannikov;`geom_density2d`: the doc missing some 'computed' variables;2024-03-22T19:27:49Z;True;2024-03-26T15:32:15Z;lets-plot
1061;OPEN;Irina Nekrasova;coord_polar: add snap-to-point ;2024-03-22T13:32:13Z;False;;lets-plot
1060;OPEN;Irina Nekrasova;Tooltip for a line have higher priority than points, even if the point is specified first in the layer list ;2024-03-22T13:19:31Z;False;;lets-plot
1059;OPEN;Irina Nekrasova;Livemap: Add  zooming-in for `geom_text()`/`geom_label()`;2024-03-22T13:01:37Z;False;;lets-plot
1058;CLOSED;Irina Nekrasova;Missing outer bar annotations when specifying `scale_x_reverse()`/`scale_y_reverse()`;2024-03-22T12:25:27Z;True;2024-03-28T12:30:28Z;lets-plot
1057;CLOSED;Irina Nekrasova;Incorrect position for bar annotations when specifying `scale_x_reverse()`/`scale_y_reverse()`;2024-03-22T12:09:03Z;True;2024-03-28T12:30:18Z;lets-plot
1056;OPEN;Irina Nekrasova;Livemap: `geom_hline()` and `geom_vline()` don't have tooltips on livemap;2024-03-22T10:22:59Z;False;;lets-plot
1055;CLOSED;Ivan Kupriyanov;livemap: vector tiles don't work in Safari;2024-03-21T21:25:47Z;True;2024-04-09T19:02:12Z;lets-plot
1053;CLOSED;Olga Larionova;Add tooltips for `geom_curve()`;2024-03-21T13:45:44Z;True;2024-03-25T15:29:23Z;lets-plot
1051;CLOSED;Igor Alshannikov;Livemap: `vjust` implemented incorrectly;2024-03-19T17:23:56Z;True;2024-03-20T10:39:09Z;lets-plot
1050;CLOSED;Ivan Kupriyanov;Error when build `geom_smooth()` with `se=False`;2024-03-14T13:57:19Z;True;2024-03-14T21:47:36Z;lets-plot
1048;OPEN;Igor Alshannikov;Livemap: parameters `nudge_x` and `nudge_y` have no effect on `geom_text` or `geom_label`;2024-03-13T23:55:40Z;False;;lets-plot
1047;CLOSED;Igor Alshannikov;Improve documentation for parameter `position`.;2024-03-13T23:52:43Z;True;2024-03-26T15:32:16Z;lets-plot
1046;OPEN;Igor Alshannikov;Nice to support geometry stylesheets;2024-03-13T18:33:04Z;False;;lets-plot
1045;CLOSED;Irina Nekrasova;Livemap: labels on the map look blurry;2024-03-13T14:48:14Z;True;2024-04-17T17:45:16Z;lets-plot
1044;CLOSED;Ivan Kupriyanov;livemap: when release the mouse button from outside the map, it gets stuck in panning mode.;2024-03-12T21:14:17Z;True;2024-03-13T20:01:34Z;lets-plot
1043;OPEN;Irina Nekrasova;Tooltip position `top_right`/`top_left` does not consider `panel_inset` parameter;2024-03-12T16:31:43Z;False;;lets-plot
1042;CLOSED;Omar AlSuwaidi;Assigning same alpha value to all datapoints causes unnecessary transparency;2024-03-11T07:10:16Z;True;2024-03-13T08:58:23Z;lets-plot
1041;CLOSED;Igor Alshannikov;arrow on curve sometimes looks weird. ;2024-03-08T21:39:38Z;True;2024-03-21T11:57:43Z;lets-plot
1040;CLOSED;Igor Alshannikov;arrow on segment: reduce arrow size for short segments;2024-03-08T21:31:51Z;True;2024-03-21T12:01:26Z;lets-plot
1039;OPEN;Ivan Kupriyanov;Poor performance of tooltips when gggrid contains plot with `coord_polar()`;2024-03-07T20:06:54Z;False;;lets-plot
1038;OPEN;Ivan Kupriyanov;Poor performance of tooltips on `geom_tile()`;2024-03-07T19:57:54Z;False;;lets-plot
1037;CLOSED;Ivan Kupriyanov;Line segments in `geom_density2df()` do not get interpolated when used with `coord_polar()`;2024-03-07T19:21:28Z;True;2024-03-27T19:01:20Z;lets-plot
1036;OPEN;Ivan Kupriyanov;Add support for `coord_polar()` in `geom_raster()`;2024-03-07T18:59:11Z;False;;lets-plot
1031;CLOSED;Artem Smirnov;The legend_justification parameter doesn't work if the legend_position='top';2024-02-28T17:52:49Z;True;2024-10-07T12:11:05Z;lets-plot
1030;CLOSED;Olga Larionova;Displaying tooltips on a multilayer plot;2024-02-28T14:32:32Z;True;2024-03-19T10:16:53Z;lets-plot
1029;CLOSED;Omar AlSuwaidi;`alpha` aesthetic mapping not functioning as expected for `geom_label()`?;2024-02-27T22:31:49Z;True;2024-03-08T21:01:48Z;lets-plot
1028;OPEN;Artem Smirnov;Make the legend_justification parameter more flexible;2024-02-26T17:30:04Z;False;;lets-plot
1027;CLOSED;Artem Smirnov;Support plot_title_position/plot_caption_position parameters;2024-02-26T17:13:58Z;True;2024-07-02T15:10:44Z;lets-plot
1025;OPEN;Igor Alshannikov;Nice  to support a responsive mode.;2024-02-23T20:48:18Z;False;;lets-plot
1023;OPEN;Zafer Kosar;add `geom_beeswarm()`;2024-02-20T17:25:43Z;False;;lets-plot
1019;CLOSED;;Interactive pan, selected zoom and autoscale;2024-02-16T10:50:46Z;True;2024-10-23T20:06:26Z;lets-plot
1018;CLOSED;Johnny Snelgrove;Better Marimo Support?;2024-02-16T00:59:17Z;True;2024-08-22T19:49:57Z;lets-plot
1015;OPEN;Igor Alshannikov;gggrid: `sharex`, `sharey` options do not work with discrete scales.;2024-02-12T19:35:45Z;False;;lets-plot
1013;CLOSED;Igor Alshannikov;Bar width is too large when x-domain is defined via x-scale limits;2024-02-10T01:02:42Z;True;2024-02-13T22:07:00Z;lets-plot
1012;CLOSED;Igor Alshannikov;No gridlines when `axis_ontop=True`;2024-02-09T19:54:02Z;True;2024-02-23T09:27:37Z;lets-plot
1011;CLOSED;Ilya Muradyan;Scaling factor requirement is described incorrectly;2024-02-08T23:46:14Z;True;2024-02-12T19:31:37Z;lets-plot
1009;OPEN;Ivan Kupriyanov;Add the % symbol to the format when using percentage statistical variables ;2024-02-05T11:08:51Z;False;;lets-plot
1008;OPEN;Oliver Rausch;Custom scale transformations;2024-02-01T18:51:25Z;False;;lets-plot
1003;OPEN;;Ticks for `scale_x_continuous` with date format are off by 1;2024-01-27T19:35:35Z;False;;lets-plot
1000;CLOSED;Artem Smirnov;NASA BlueMarble tiles have become blank;2024-01-18T18:17:50Z;True;2024-04-02T12:56:24Z;lets-plot
998;OPEN;Ivan Kupriyanov;Interactivity: add selection tool;2024-01-17T22:06:36Z;False;;lets-plot
997;OPEN;Artem Smirnov;The 'labels' parameter shouldn't affect custom ordering;2024-01-10T17:13:29Z;False;;lets-plot
996;OPEN;Artem Smirnov;geom_spoke(): axis tooltips don't appear;2024-01-10T16:55:41Z;False;;lets-plot
995;OPEN;Ivan Kupriyanov;Add minor tick labels for date/time axis;2024-01-10T16:46:34Z;False;;lets-plot
994;OPEN;Ivan Kupriyanov;Add a vertical fill gradient ;2024-01-10T16:21:40Z;False;;lets-plot
993;OPEN;Ivan Kupriyanov;geocoding: add language parameter;2024-01-10T15:56:19Z;False;;lets-plot
992;CLOSED;Artem Smirnov;geom_errorbar(): wrong positioning of tooltips;2024-01-10T14:25:34Z;True;2024-01-11T16:35:09Z;lets-plot
991;OPEN;Artem Smirnov;geom_segment(): two layers with own datasets break the tooltips;2024-01-10T14:21:07Z;False;;lets-plot
990;OPEN;Artem Smirnov;Degrees formatting for angles;2024-01-10T13:03:25Z;False;;lets-plot
989;OPEN;Artem Smirnov;geom_spoke(): show aesthetics in legend/tooltips;2024-01-10T12:50:49Z;False;;lets-plot
988;CLOSED;Artem Smirnov;geom_livemap: add support for geom_spoke() layer;2024-01-10T12:24:51Z;True;2024-04-15T17:31:10Z;lets-plot
987;OPEN;Artem Smirnov;Add vectorfield stat;2024-01-10T12:07:31Z;False;;lets-plot
986;CLOSED;Artem Smirnov;Support arrow() in geom_spoke();2024-01-10T12:03:16Z;True;2024-03-15T20:13:35Z;lets-plot
985;OPEN;Ivan Kupriyanov;Geometries with fill have visible gaps;2024-01-10T11:37:09Z;False;;lets-plot
984;OPEN;Igor Alshannikov;Add Sankey Diagram plot;2024-01-09T19:25:10Z;False;;lets-plot
983;CLOSED;;Add interactive zoom options;2024-01-09T11:24:45Z;True;2024-10-23T20:04:58Z;lets-plot
982;OPEN;;Add package to conda-forge channel;2024-01-09T11:15:22Z;False;;lets-plot
981;CLOSED;Igor Alshannikov;Stacked bar-chart annotation: labels go out of the plot when zooming-in using `coord_cartesian(xlim, ylim)`;2024-01-08T21:17:54Z;True;2024-01-17T15:56:24Z;lets-plot
978;CLOSED;Omar AlSuwaidi;How to properly apply y limits on the entire plot in a stacked bar plot?;2024-01-04T10:37:42Z;True;2024-03-08T20:59:43Z;lets-plot
977;CLOSED;Harlan Harris;web site's SEO is terrible, impossible to find lets-plot on Google;2024-01-02T14:30:44Z;True;2024-03-29T20:32:51Z;lets-plot
976;OPEN;Igor Alshannikov;Add parallel coordinates plot;2023-12-29T21:05:40Z;False;;lets-plot
975;CLOSED;Igor Alshannikov;Add Waterfall plot;2023-12-29T21:03:38Z;True;2024-07-17T21:18:52Z;lets-plot
972;OPEN;Artem Smirnov;Allow geom_bar() as a marginal layer;2023-12-21T15:33:58Z;False;;lets-plot
970;OPEN;Brice Dutheil;Considering weisJ/jsvg instead of batik ?;2023-12-20T09:53:57Z;False;;lets-plot
969;CLOSED;Andrei Kislitsyn;How to remove whisker horizontal line;2023-12-18T14:30:20Z;True;2023-12-19T15:22:50Z;lets-plot
967;CLOSED;Ilya Muradyan;Multi-line plots have irresponsive tooltips in Batik. They also have artifacts. Repro patch included;2023-12-17T19:55:14Z;True;2023-12-19T15:50:35Z;lets-plot
966;CLOSED;Ivan Kupriyanov;gggrid doesn't override global theme;2023-12-14T16:18:59Z;True;2023-12-21T21:28:49Z;lets-plot
965;CLOSED;Ivan Kupriyanov;`g` format doesn't use e-notation for small numbers;2023-12-14T12:30:00Z;True;2023-12-14T16:39:47Z;lets-plot
963;CLOSED;Olga Larionova;Wrong tooltip position on `geom_segment()` with position adjustment;2023-12-13T16:19:51Z;True;2023-12-20T14:27:05Z;lets-plot
961;CLOSED;Olga Larionova;DateTime is not recognised in polars.DataFrame;2023-12-13T10:10:23Z;True;2024-03-29T14:33:47Z;lets-plot
960;CLOSED;;Problem About the Greece Letters Showing;2023-12-12T17:43:36Z;True;2024-10-23T20:22:39Z;lets-plot
958;CLOSED;Omar AlSuwaidi;Native support for Radar plots as a `LayerSpec` object;2023-12-09T19:43:35Z;True;2024-03-08T20:47:20Z;lets-plot
955;CLOSED;Igor Alshannikov;"Facets: ""free scales"" options are ignored by discrete axis.";2023-12-07T21:57:51Z;True;2024-02-09T21:07:25Z;lets-plot
953;CLOSED;Olga Larionova;`scale_continuous()` fails with non-color aesthetics;2023-12-07T10:21:56Z;True;2023-12-28T19:43:08Z;lets-plot
951;CLOSED;Luan Nguyen;geom_tile remaing square and not stretching when plot size is rectangular;2023-12-05T02:18:22Z;True;2023-12-05T05:42:32Z;lets-plot
948;OPEN;Ivan Kupriyanov;Lack of support for multi-line axis labels;2023-11-30T18:15:03Z;False;;lets-plot
946;CLOSED;Luan Nguyen;Long axis labels getting truncated;2023-11-28T23:31:43Z;True;2023-12-28T19:37:47Z;lets-plot
942;CLOSED;Ivan Kupriyanov;gggrid: composite plot is not visible if saved with ggsave;2023-11-23T16:04:23Z;True;2023-11-24T22:08:55Z;lets-plot
941;CLOSED;Artem Smirnov;geom_density2df: uneven borders;2023-11-22T17:01:55Z;True;2024-03-25T21:44:53Z;lets-plot
939;CLOSED;Omar AlSuwaidi;"How to add space between a plot's y-ticks and its ""geom"" area to show full y-axis ticks?";2023-11-22T09:54:11Z;True;2023-12-28T19:37:05Z;lets-plot
937;CLOSED;Artem Smirnov;Stamen tiles have become blank;2023-11-20T15:38:49Z;True;2023-12-28T20:00:10Z;lets-plot
936;CLOSED;Artem Smirnov;How to calculate proportion of points with same coordinate;2023-11-20T15:30:58Z;True;2023-11-22T17:28:26Z;lets-plot
934;CLOSED;Olga Larionova;scale manual: behavior with specified `breaks` and `limits` parameters;2023-11-20T14:04:58Z;True;2024-03-29T15:14:40Z;lets-plot
933;CLOSED;Nikita.Pavlenko;Mouse hovering and tooltips viewing has low performance on some data;2023-11-15T16:56:20Z;True;2023-11-17T11:46:00Z;lets-plot
932;CLOSED;Nikita.Pavlenko;Enormous CPU / Time/  Memory consumption on some data;2023-11-15T12:11:20Z;True;2023-11-17T21:35:04Z;lets-plot
931;CLOSED;Igor Alshannikov;as_discrete: add 'levels' parameter.;2023-11-13T19:39:27Z;True;2023-12-28T19:00:07Z;lets-plot
930;CLOSED;Igor Alshannikov;theme: settings for annotations text are missing.;2023-11-10T20:40:28Z;True;2023-12-28T19:39:46Z;lets-plot
926;CLOSED;Ivan Kupriyanov;geom_livemap: missing some styles;2023-11-09T13:42:12Z;True;2023-11-09T13:43:14Z;lets-plot
923;CLOSED;Igor Alshannikov;Facets: `order = 0` doesn't work as expected;2023-11-07T21:07:31Z;True;2023-11-14T20:31:42Z;lets-plot
922;CLOSED;Zafer Kosar;`scale_*_log2()` as a shortcut for `trans='log2'`;2023-11-04T14:54:49Z;True;2023-12-28T19:13:27Z;lets-plot
918;CLOSED;Olga Larionova;Incorrect 'plot_background' area (with empty space capture);2023-11-01T11:32:56Z;True;2024-03-15T13:41:07Z;lets-plot
914;CLOSED;;Support for ordered categoricals?;2023-10-31T12:54:29Z;True;2023-12-28T19:02:13Z;lets-plot
913;CLOSED;Olga Larionova;`element_blank()` has no effect on plot title/subtitle/caption in `theme()`;2023-10-27T10:32:46Z;True;2023-11-07T01:27:13Z;lets-plot
911;CLOSED;;Make the jitter in geom_jitter reproducible;2023-10-25T19:08:42Z;True;2023-12-28T19:41:59Z;lets-plot
909;CLOSED;Rafael Oliveira;Displaying lets_plot in vscode (no notebook);2023-10-25T10:42:35Z;True;2024-07-14T19:48:13Z;lets-plot
907;CLOSED;Omar AlSuwaidi;Cannot find distribution for lets-plot upon installing in Python 3.12;2023-10-22T14:45:18Z;True;2023-11-03T12:32:20Z;lets-plot
906;OPEN;Artem Smirnov;Wide axis labels should not be cropped;2023-10-20T09:40:40Z;False;;lets-plot
905;CLOSED;Olga Larionova;Bad default formatting of numeric values in annotations;2023-10-18T11:24:01Z;True;2023-11-07T01:28:43Z;lets-plot
902;CLOSED;Nikita.Pavlenko;Exception label is unresizeble, uncopyable and uncontrollable;2023-10-11T10:38:07Z;True;2023-10-18T21:20:46Z;lets-plot
901;CLOSED;Daniel Kuroski;Int DataFrame column names are being converted to float string representation;2023-10-11T08:01:43Z;True;2024-06-20T16:23:00Z;lets-plot
900;CLOSED;Gregor Baer;ggsave() to .html does not work with special characters;2023-10-11T07:38:25Z;True;2023-11-07T01:30:23Z;lets-plot
898;OPEN;Ralf Stephan;JVM/other examples?;2023-10-07T09:21:35Z;False;;lets-plot
895;CLOSED;Nikita.Pavlenko;geomBar with fill, produces tooltips artefacts;2023-10-06T14:04:44Z;True;2023-11-07T01:31:41Z;lets-plot
894;CLOSED;Nikita.Pavlenko;Exception, when trying to build plot with column name containing line breakes;2023-10-05T14:31:16Z;True;2023-10-11T10:26:21Z;lets-plot
892;CLOSED;Irina Nekrasova;geom_livemap() freezes on zoom=10;2023-10-04T08:12:11Z;True;2023-11-13T18:59:20Z;lets-plot
888;CLOSED;Nikita.Pavlenko;Flickering during plot downsizing;2023-09-26T11:13:07Z;True;2023-10-20T20:54:22Z;lets-plot
887;CLOSED;;Please Update Batik to version v1.17;2023-09-25T16:29:27Z;True;2023-12-28T19:40:45Z;lets-plot
886;CLOSED;Rashid Yangazov;geom_crossbar: an error occurs if the mapped values of aesthetics are not populated.;2023-09-25T16:22:03Z;True;2023-09-28T12:52:31Z;lets-plot
885;CLOSED;Raphael Geronimi;Allow export functions to export to a file-like object;2023-09-22T16:48:36Z;True;2023-12-28T19:06:12Z;lets-plot
882;CLOSED;Igor Alshannikov;"scale manual:  ""values"" parameter should accept dictionary as a value.";2023-09-20T17:01:36Z;True;2023-12-28T19:33:03Z;lets-plot
881;CLOSED;Eric;Can't create DateTime from instant negative (prior to unix époque);2023-09-19T09:32:29Z;True;2023-09-20T16:13:20Z;lets-plot
880;CLOSED;;How to manually set a colour for a category?;2023-09-17T15:07:26Z;True;2023-09-20T17:04:27Z;lets-plot
878;CLOSED;Nikita.Pavlenko;NullPointerException on processRawSpecs on specific data;2023-09-13T14:07:46Z;True;2023-10-10T17:24:04Z;lets-plot
877;CLOSED;Igor Alshannikov;"corr_plot: unexpected whitespace between the ""geometry area"" and the legend.";2023-09-12T20:38:03Z;True;2023-10-24T19:12:57Z;lets-plot
876;CLOSED;Zafer Kosar;Husl palette equivalent;2023-09-12T00:21:14Z;True;2023-11-04T14:03:54Z;lets-plot
875;CLOSED;Igor Alshannikov;corr_plot() fails to build chart with mpg data and pandas;2023-09-11T17:38:09Z;True;2023-09-12T10:23:41Z;lets-plot
874;CLOSED;Omar AlSuwaidi;How to reduce whitespace between a plot and its legend?;2023-09-09T02:16:34Z;True;2023-09-13T07:01:34Z;lets-plot
873;CLOSED;Omar AlSuwaidi;How to dynamically layer `.line()` methods against `layer_tooltips()`?;2023-09-06T18:24:29Z;True;2023-09-06T21:01:16Z;lets-plot
870;OPEN;Marc Skov Madsen;Make it easy to use Lets-Plot with Panel;2023-09-03T15:44:41Z;False;;lets-plot
869;CLOSED;Olga Larionova;Invisible stroke in legend items for `geom_pie()`;2023-08-31T16:12:23Z;True;2023-09-01T09:10:44Z;lets-plot
867;CLOSED;Olga Larionova;Inconsistent color in legend when using `paint_a/paint_b/paint_c`;2023-08-31T14:15:54Z;True;2023-09-13T21:52:54Z;lets-plot
866;OPEN;Artem Smirnov;Combination of `corr_plot()` and `theme_void()` looks weird on axes;2023-08-31T14:04:20Z;False;;lets-plot
863;CLOSED;Omar AlSuwaidi;"How to suppress ""sampling_* ... was applied to ... layer"" message/warning";2023-08-30T07:45:37Z;True;2023-09-13T21:47:44Z;lets-plot
862;CLOSED;Zafer Kosar;`stat='count'` does not work as intended in `geom_pie()`;2023-08-27T20:09:15Z;True;2023-08-29T13:33:17Z;lets-plot
861;CLOSED;;Latex does not work in labels;2023-08-26T10:55:22Z;True;2024-10-10T12:03:04Z;lets-plot
860;OPEN;;Flagging guides to **lets-plot**;2023-08-25T23:47:52Z;False;;lets-plot
859;OPEN;Ivan Kupriyanov;Add an option to control the number of visible tooltips;2023-08-24T16:51:37Z;False;;lets-plot
858;CLOSED;Olga Larionova;`theme_void()` + `flavor_xxx()`: no expected plot background;2023-08-24T11:58:21Z;True;2023-09-13T21:52:20Z;lets-plot
857;CLOSED;Igor Alshannikov;theme/flavor plot background is not shown on plot with geom_livemap() layer.;2023-08-22T17:57:25Z;True;2023-08-28T20:22:53Z;lets-plot
856;CLOSED;Igor Alshannikov;"theme(): property ""plot.margin"" is missing";2023-08-21T21:32:44Z;True;2023-11-04T17:23:48Z;lets-plot
855;CLOSED;Ivan Kupriyanov;`geom_path`: tooltips on a livemap feels more organically than on a regular plot ;2023-08-21T17:31:30Z;True;2024-01-16T16:59:38Z;lets-plot
854;OPEN;Ivan Kupriyanov;geom_step: confusing x-axis tooltip on a multi-group plot;2023-08-21T17:08:49Z;False;;lets-plot
853;CLOSED;Zafer Kosar;Default border color in v4.0.0;2023-08-17T23:00:37Z;True;2023-11-01T13:29:36Z;lets-plot
851;CLOSED;Igor Alshannikov;Trimmed legend when bounds of the rightmost X-axis tick label exceeds the axis length;2023-08-16T20:33:38Z;True;2023-10-24T19:12:58Z;lets-plot
850;CLOSED;Igor Alshannikov;scale_log: an option to generate only breaks which are integer powers of 10 needed;2023-08-16T20:26:41Z;True;2023-11-01T11:46:42Z;lets-plot
847;CLOSED;Ivan Kupriyanov;Not all tooltips on multi-layer ribbon plot are displayed;2023-08-15T19:28:24Z;True;2023-08-15T19:32:00Z;lets-plot
846;CLOSED;Zafer Kosar;problem with log10 axis ticks formatting and legend overflow;2023-08-14T01:39:06Z;True;2023-11-01T13:30:36Z;lets-plot
845;CLOSED;Igor Alshannikov;bar-plot: do not draw bar border adjacent to the axis;2023-08-11T18:37:28Z;True;2024-02-23T10:35:56Z;lets-plot
842;CLOSED;Valeri Kuparashvili;Getting errors while exporting image outside of Intellij IDEA;2023-08-08T17:51:32Z;True;2023-08-14T11:40:15Z;lets-plot
839;CLOSED;Zafer Kosar;Support for dpi parameter in `ggsave()`;2023-08-07T17:41:56Z;True;2024-04-17T18:00:29Z;lets-plot
838;OPEN;Artem Smirnov;`geom_step()`: support 'mid' value for `direction` parameter;2023-08-07T11:26:38Z;False;;lets-plot
837;CLOSED;Igor Alshannikov;Tooltips are trimmed and not visible on a very narrow chart;2023-08-04T20:59:35Z;True;2023-09-19T14:59:10Z;lets-plot
831;CLOSED;Nikita.Pavlenko;geom_blank equivalent;2023-07-31T16:24:18Z;True;2024-09-12T21:42:29Z;lets-plot
830;CLOSED;Nikita.Pavlenko;theme_void() equivalent;2023-07-31T16:04:05Z;True;2023-08-24T19:58:43Z;lets-plot
829;CLOSED;Nikita.Pavlenko;Failed to fetch error on some https://lets-plot.org/pages/api/ pages;2023-07-31T16:00:42Z;True;2023-08-09T16:51:03Z;lets-plot
828;CLOSED;Zafer Kosar;log2 in scale_y_continuous does not work;2023-07-28T16:33:58Z;True;2023-11-04T14:52:18Z;lets-plot
822;CLOSED;Dan Brown;Support layering aes() multiple times;2023-07-19T18:59:26Z;True;2024-09-04T00:52:42Z;lets-plot
821;CLOSED;Dan Brown;Add `stat_sum()` (`geom_count()` in original version);2023-07-19T18:54:47Z;True;2023-09-06T22:03:03Z;lets-plot
820;CLOSED;Dan Brown;Add expand_limits;2023-07-19T18:43:12Z;True;2024-09-09T22:01:47Z;lets-plot
819;CLOSED;Eric;symmetrical log or symbol scale;2023-07-18T18:19:48Z;True;2023-11-07T01:44:18Z;lets-plot
818;OPEN;Eric;Plot Nothing when encountering NaN;2023-07-18T17:54:15Z;False;;lets-plot
808;CLOSED;Valentin Dovidaytis;Offline mode doesn't work with manylinux wheels;2023-07-07T11:13:32Z;True;2023-07-07T15:13:22Z;lets-plot
807;CLOSED;Olga Larionova;`guide_legend()`:  parameter to control legend appearance ;2023-07-04T14:57:53Z;True;2024-07-31T18:07:42Z;lets-plot
804;CLOSED;Andreas Radke;geom_crossbar aesthetics take 'middle' argument insteadof 'y';2023-07-02T00:45:19Z;True;2023-07-17T15:37:15Z;lets-plot
800;OPEN;Apechen;Can't load image in PyCharm's Jupyter notebook;2023-06-25T05:57:32Z;False;;lets-plot
799;CLOSED;Sven Fiergolla;Pie Chart Labels Example throws runtime error;2023-06-24T09:40:27Z;True;2023-06-26T08:49:41Z;lets-plot
795;OPEN;Artem Smirnov;Segment don't want to cross the 180th meridian;2023-06-16T11:28:58Z;False;;lets-plot
793;CLOSED;Olga Larionova;Batik: artifacts from tooltips;2023-06-12T12:58:23Z;True;2023-11-07T01:31:21Z;lets-plot
791;CLOSED;Artem Smirnov;geom_density2d: support weight aesthetic;2023-06-09T12:36:02Z;True;2024-06-18T11:16:45Z;lets-plot
785;OPEN;Essi Parent;Make lets-plot available on conda-forge;2023-05-30T18:02:02Z;False;;lets-plot
780;OPEN;Igor Alshannikov;geom_imshow: nice to be able to use color scales.;2023-05-17T00:47:15Z;False;;lets-plot
778;CLOSED;Ivan Kupriyanov;`ggsave()` doesn't save `geom_raster()` layer to a file;2023-05-05T17:57:48Z;True;2023-07-10T18:55:07Z;lets-plot
774;CLOSED;Andrei Kislitsyn;Customizing the legend manually.;2023-05-04T11:54:16Z;True;2024-08-02T19:37:20Z;lets-plot
771;OPEN;Artem Smirnov;Breaking of polygons that cross the 180th meridian;2023-04-28T13:26:35Z;False;;lets-plot
769;OPEN;Igor Alshannikov;Continuous scale fails if the scale limits are outside of the range of the data;2023-04-25T22:22:39Z;False;;lets-plot
763;CLOSED;Ivan Kupriyanov;Export to SVG fails if breaks are given by integers;2023-04-17T18:49:07Z;True;2023-04-24T20:29:47Z;lets-plot
760;CLOSED;Artem Smirnov;ggmarginal(): broken coloring;2023-04-11T13:02:58Z;True;2024-04-04T17:25:04Z;lets-plot
758;CLOSED;Boadzie Daniel;Display chart in vscode;2023-04-10T11:03:24Z;True;2023-08-25T20:44:23Z;lets-plot
754;CLOSED;Ivan Kupriyanov;`geom_boxplot()` doesn't apply `alpha` to outliers;2023-04-05T18:52:21Z;True;2023-07-12T15:26:25Z;lets-plot
753;CLOSED;Ivan Kupriyanov;`geom_label()` doesn't take into account the `alpha`;2023-04-05T17:23:42Z;True;2023-04-06T09:37:01Z;lets-plot
751;CLOSED;Artem Smirnov;`geom_pointrange()`: 'size' aesthetic shouldn't affect line width;2023-04-03T13:08:06Z;True;2023-06-22T10:48:31Z;lets-plot
750;CLOSED;Ivan Kupriyanov;geom_livemap doesn't work well with gggrid;2023-03-31T19:44:21Z;True;2023-04-27T20:45:33Z;lets-plot
749;CLOSED;Igor Alshannikov;Remove hard `IPython` dependency ;2023-03-31T18:33:54Z;True;2023-04-25T08:37:23Z;lets-plot
748;CLOSED;Igor Alshannikov;`geom_segment()` doesn't take into account the `alpha` ;2023-03-31T18:01:15Z;True;2023-04-05T18:55:35Z;lets-plot
747;CLOSED;;Barplot Counting NA values ;2023-03-31T03:04:46Z;True;2023-12-29T21:23:33Z;lets-plot
746;CLOSED;;Categorical ordering, it's not respected for Boxplot and violin plot ;2023-03-31T02:47:48Z;True;2023-05-10T21:05:54Z;lets-plot
745;OPEN;Igor Alshannikov;Support simple arithmetic expression with df.variable or aesthetic;2023-03-30T21:21:49Z;False;;lets-plot
744;OPEN;Igor Alshannikov;Support sub-super-script in labels;2023-03-30T20:54:47Z;False;;lets-plot
743;CLOSED;Igor Alshannikov;Formatting: add scientific superscript option;2023-03-30T20:50:46Z;True;2023-12-28T19:04:08Z;lets-plot
742;CLOSED;Igor Alshannikov;Ignore : testing gh workflow (|||);2023-03-30T20:03:54Z;True;2023-03-30T20:09:06Z;lets-plot
741;CLOSED;Igor Alshannikov;Ignore : testing gh workflow (||);2023-03-30T19:24:14Z;True;2023-03-30T20:11:24Z;lets-plot
740;CLOSED;Igor Alshannikov;Ignore : testing gh workflow;2023-03-30T19:12:56Z;True;2023-03-30T20:11:24Z;lets-plot
739;OPEN;Igor Alshannikov;Support `xarray.DataArray` from the Xarray library;2023-03-30T18:40:56Z;False;;lets-plot
738;CLOSED;Igor Alshannikov;Add quiver, vector or vector field plot;2023-03-30T18:36:08Z;True;2023-12-18T18:23:59Z;lets-plot
737;OPEN;Igor Alshannikov;Support for dual axis;2023-03-30T18:34:37Z;False;;lets-plot
736;CLOSED;Igor Alshannikov;Support for marker rotation;2023-03-30T18:33:24Z;True;2024-05-29T09:44:05Z;lets-plot
735;CLOSED;Igor Alshannikov;Add horizontal error bar.;2023-03-30T18:14:47Z;True;2023-05-10T21:07:15Z;lets-plot
734;CLOSED;Igor Alshannikov;line, path: support `size` aesthetic;2023-03-30T18:11:13Z;True;2023-08-18T21:10:46Z;lets-plot
733;CLOSED;Igor Alshannikov;"Add ""band"" geometry";2023-03-30T17:27:00Z;True;2024-07-25T10:16:00Z;lets-plot
726;CLOSED;Igor Alshannikov;newline doesn't work in legend' texts.;2023-03-22T17:37:30Z;True;2023-04-03T13:27:24Z;lets-plot
725;CLOSED;Igor Alshannikov;HTML export: exclude computation messages from the output.;2023-03-21T19:35:44Z;True;2023-04-12T16:48:36Z;lets-plot
721;OPEN;Igor Alshannikov;Docs: add cookbook-style docs on static maps/DEM data support.;2023-03-17T18:01:13Z;False;;lets-plot
720;OPEN;Igor Alshannikov;"Add ""binned"" scales";2023-03-17T17:52:42Z;False;;lets-plot
719;OPEN;Igor Alshannikov;gggrid: support shared legend;2023-03-16T22:39:08Z;False;;lets-plot
718;CLOSED;Igor Alshannikov;gggrid: support shared axis;2023-03-16T22:38:53Z;True;2023-12-20T21:16:46Z;lets-plot
717;CLOSED;Igor Alshannikov;"geom_imshow: add ""colorbar"" option.";2023-03-16T19:39:11Z;True;2023-04-26T19:45:26Z;lets-plot
716;CLOSED;Igor Alshannikov;gggrid: support `theme`;2023-03-16T19:22:25Z;True;2023-11-07T20:10:43Z;lets-plot
715;OPEN;Igor Alshannikov;gggrid: allow title and other labels for the entire figure. ;2023-03-16T19:19:07Z;False;;lets-plot
714;OPEN;Igor Alshannikov;DMS formatting for coordinates;2023-03-16T19:05:31Z;False;;lets-plot
712;CLOSED;Olga Larionova;`linetype` = 0 ('blank') should make lines invisible;2023-03-10T15:22:34Z;True;2024-06-18T12:57:05Z;lets-plot
713;CLOSED;Andrei Kislitsyn;"Batik bug with usage of ""&""";2023-03-09T12:19:41Z;True;2023-04-06T11:58:36Z;lets-plot
710;CLOSED;erdi;Option to save plots to PDF format using `ggsave()`;2023-03-08T13:02:51Z;True;2023-11-07T01:47:59Z;lets-plot
709;CLOSED;Igor Alshannikov;Livemap: tooltip text doesn't reflect data under the cursor.;2023-03-07T21:12:54Z;True;2023-03-15T13:17:28Z;lets-plot
706;OPEN;Artem Smirnov;scale_alpha: conflict of constant and mapped values of alpha aesthetic;2023-02-28T11:38:01Z;False;;lets-plot
705;CLOSED;Olga Larionova;Layout: uneven plot margins for the horizontal axis;2023-02-27T16:23:58Z;True;2023-02-27T16:25:24Z;lets-plot
704;OPEN;Artem Smirnov;geom_bar: aes 'fill' and trans 'log10' break y scale;2023-02-24T16:19:57Z;False;;lets-plot
703;CLOSED;Artem Smirnov;ylim() crops plot when position='fill';2023-02-23T17:20:51Z;True;2024-03-28T18:08:27Z;lets-plot
702;CLOSED;Artem Smirnov;geom_density2d: Internal error with None values in data;2023-02-23T16:56:10Z;True;2023-04-14T17:59:36Z;lets-plot
701;OPEN;Artem Smirnov;geom_text, geom_label: 'label' aesthetic shouldn't produce grouping;2023-02-23T11:42:48Z;False;;lets-plot
700;OPEN;Artem Smirnov;geom_boxplot: add support for weight aesthetic;2023-02-23T11:31:01Z;False;;lets-plot
699;CLOSED;Ivan Kupriyanov;facet_grid: Internal error;2023-02-22T22:03:32Z;True;2023-04-19T20:19:11Z;lets-plot
695;OPEN;Artem Smirnov;Labels are shadowed by livemap elements;2023-02-15T16:11:34Z;False;;lets-plot
692;CLOSED;Ivan Kupriyanov;livemap: segment that goes through the antimeridian should be straight;2023-02-13T18:37:22Z;True;2023-02-17T21:54:09Z;lets-plot
691;CLOSED;Ivan Kupriyanov;livemap: wrong position if segment goes through the antimeridian;2023-02-13T18:31:58Z;True;2023-02-15T20:43:38Z;lets-plot
690;CLOSED;erdi;`lets-plot` not working with `poetry`;2023-02-10T15:37:38Z;True;2023-03-09T10:24:49Z;lets-plot
687;CLOSED;Igor Alshannikov;"Sampling: increase the default `N` for ""pick sampling"" and possibly for other types of sampling as well. ";2023-02-08T20:01:28Z;True;2023-02-27T22:03:15Z;lets-plot
686;OPEN;Igor Alshannikov;Sampling: in the warning message make it clear that a certain number of datapoints has been dropped.;2023-02-08T17:57:27Z;False;;lets-plot
685;OPEN;Igor Alshannikov;LiveMap: The Atlantic ocean label is not legible.;2023-02-08T17:48:30Z;False;;lets-plot
684;CLOSED;Ivan Kupriyanov;livemap: tooltip may show wrong data on density2df;2023-02-07T21:19:54Z;True;2023-02-07T21:45:56Z;lets-plot
683;CLOSED;Ivan Kupriyanov;livemap: wrong position if path is on a circle of latitude;2023-02-06T21:26:47Z;True;2023-02-07T14:36:17Z;lets-plot
682;CLOSED;Ivan Kupriyanov;livemap: wrong position when path goes through the antimeridian;2023-02-06T21:19:23Z;True;2023-02-07T14:43:02Z;lets-plot
681;CLOSED;Artem Smirnov;Variable not found error in ggmarginal;2023-02-06T16:43:11Z;True;2023-04-14T17:20:51Z;lets-plot
679;CLOSED;Artem Smirnov;Groups not sorted similarly when using facets;2023-02-02T17:17:07Z;True;2023-05-10T21:09:18Z;lets-plot
678;OPEN;Andrei Kislitsyn;add scale date;2023-02-02T14:49:42Z;False;;lets-plot
675;OPEN;Andrei Kislitsyn;"Add ""null"" to the legend.";2023-02-01T10:27:10Z;False;;lets-plot
674;CLOSED;Artem Smirnov;Area ridges: fill overlaps geometry borders when colors are repeated;2023-01-31T11:08:20Z;True;2023-03-07T08:02:09Z;lets-plot
673;CLOSED;Artem Smirnov;Groups not sorted similarly when position='stack';2023-01-24T13:04:53Z;True;2023-02-01T17:39:41Z;lets-plot
665;CLOSED;Olga Larionova;Error when tooltip has variable mapped to aesthetic used by stat;2023-01-13T10:08:14Z;True;2023-01-23T14:36:25Z;lets-plot
664;CLOSED;Olga Larionova;'map_join'-variable is lost after stat is applied;2023-01-12T15:55:34Z;True;2023-01-23T14:40:10Z;lets-plot
662;CLOSED;Artem Smirnov;residual_plot: strange behavior of the color_by parameter;2023-01-10T19:19:24Z;True;2023-01-16T09:29:42Z;lets-plot
661;OPEN;Igor Alshannikov;pie labels: rotate label if it doesn't fit in.;2023-01-04T18:01:54Z;False;;lets-plot
660;CLOSED;Igor Alshannikov;"element_text: add support for ""angle"" parameter";2022-12-29T01:46:36Z;True;2023-03-10T19:30:32Z;lets-plot
659;CLOSED;Igor Alshannikov;Livemap: hide tooltips when user is zooming-in by double-clicks;2022-12-28T21:59:19Z;True;2023-02-07T20:10:14Z;lets-plot
658;CLOSED;Artem Smirnov;Tooltip does not reflect ..quantile.. aesthetic change;2022-12-26T13:52:56Z;True;2023-02-10T16:24:06Z;lets-plot
657;CLOSED;Igor Alshannikov;"'set_theme()' should accept ""feature list""";2022-12-16T20:16:20Z;True;2024-04-16T13:01:54Z;lets-plot
654;CLOSED;Olga Larionova;Bad default formatting for stat variables;2022-12-14T16:33:58Z;True;2023-03-22T15:57:21Z;lets-plot
653;CLOSED;Olga Larionova;The scale name does not apply with `as_discrete()`;2022-12-14T16:15:52Z;True;2023-03-28T14:50:31Z;lets-plot
649;OPEN;Ivan Kupriyanov;geom_livemap: can't draw path crossing the antimeridian;2022-12-08T21:22:31Z;False;;lets-plot
647;CLOSED;Eric;geom_line weird results when swapping x and y;2022-12-08T09:34:37Z;True;2022-12-08T16:32:43Z;lets-plot
645;CLOSED;Igor Alshannikov;geom_livemap: wrong position when datapoints geodesic line goes close to the N.P.;2022-12-07T01:02:26Z;True;2022-12-08T23:17:23Z;lets-plot
635;CLOSED;Wang Boyu;Support for more map projections;2022-11-22T03:53:41Z;True;2022-11-24T15:32:31Z;lets-plot
634;CLOSED;George Nefedev;Precision error in gradient;2022-11-18T10:11:56Z;True;2022-11-30T01:12:12Z;lets-plot
631;CLOSED;Igor Alshannikov;"geom_imshow should support ""alpha"" argument";2022-11-11T01:01:17Z;True;2022-11-25T20:11:59Z;lets-plot
630;CLOSED;Igor Alshannikov;geom_imshow shouldn't fail when input array contains NaN values.;2022-11-11T00:59:06Z;True;2022-11-19T00:12:50Z;lets-plot
626;CLOSED;Andreas Radke;ggsave (.svg) transforms geom_text integer to float ;2022-11-03T20:26:29Z;True;2024-07-30T15:54:48Z;lets-plot
625;CLOSED;Igor Alshannikov;Layout: uneven left/right, top/bottom plot margins;2022-11-03T19:42:39Z;True;2022-11-12T00:24:33Z;lets-plot
624;CLOSED;;Upgrade to 1.16 version of apache-batik;2022-11-03T19:41:59Z;True;2022-12-15T22:16:08Z;lets-plot
623;CLOSED;Igor Alshannikov;"Themes: can't change plot background after applying a ""flavor""";2022-11-03T18:53:21Z;True;2022-11-10T21:02:45Z;lets-plot
619;CLOSED;Igor Alshannikov;"Positional ""constant"" doesn't honor axis limits";2022-10-19T17:10:23Z;True;2022-10-19T20:43:20Z;lets-plot
618;CLOSED;Igor Alshannikov;"Positioning with ""constant"" x/y doesn't work on axis with log10 transform.";2022-10-18T21:15:21Z;True;2022-10-19T20:31:19Z;lets-plot
617;CLOSED;Xin;y axis wrong in stacked barplot;2022-10-17T10:34:05Z;True;2022-10-18T04:51:26Z;lets-plot
614;CLOSED;加油;Issues that appear when using the lets-plot library in pycharm;2022-10-13T07:47:45Z;True;2023-03-30T20:15:18Z;lets-plot
610;CLOSED;Igor Alshannikov;Tooltip is not shown when configured for 'const' value.;2022-10-06T21:06:32Z;True;2023-03-29T17:02:51Z;lets-plot
608;CLOSED;Andreas Radke;element_blank() has no effect in theme legend_title;2022-10-04T20:06:29Z;True;2022-11-09T13:17:01Z;lets-plot
607;CLOSED;Amirhossein Davoody;What plotting backends does lets-plot use?;2022-09-29T19:56:52Z;True;2022-09-30T23:25:44Z;lets-plot
605;CLOSED;Olga Larionova;Add support of multiple lines in text geometries;2022-09-28T15:56:24Z;True;2022-11-09T13:15:51Z;lets-plot
604;CLOSED;Kiryl Bubovich;Upgrade to 1.15 version of apache-batik;2022-09-26T08:35:28Z;True;2022-09-27T20:25:36Z;lets-plot
603;CLOSED;Eric;plot alignment not working with ggbunch;2022-09-25T20:20:18Z;True;2023-03-10T19:33:56Z;lets-plot
602;CLOSED;Florian Wetschoreck;Rendering is broken inside Databricks with DBR 11.x and higher - potential fix included;2022-09-20T23:31:59Z;True;2022-10-03T19:56:00Z;lets-plot
601;CLOSED;Olga Larionova;livemap: add support of `geom_label` parameters;2022-09-20T10:16:48Z;True;2022-11-09T13:24:08Z;lets-plot
600;CLOSED;Ivan Kupriyanov;"Cryptic error message on geom_boxplot with orientation=""y""";2022-09-19T21:05:16Z;True;2024-04-16T10:38:19Z;lets-plot
597;CLOSED;Artem Smirnov;Specify size units in docstrings;2022-09-16T09:17:41Z;True;2022-09-16T10:53:34Z;lets-plot
596;CLOSED;Andreas Radke;Add png and jpeg support to ggsave;2022-09-14T13:35:40Z;True;2023-03-10T19:38:48Z;lets-plot
595;CLOSED;Andreas Radke;Error using lets-plot in streamlit ;2022-09-13T07:40:38Z;True;2022-09-13T12:45:52Z;lets-plot
593;CLOSED;加油;question:how to use lets-plot in compose for desktop?;2022-09-06T01:05:17Z;True;2022-10-13T07:50:16Z;lets-plot
592;CLOSED;Olga Larionova;geom_text: wrong label alignment with `hjust` 0 and 1;2022-09-05T16:31:28Z;True;2022-09-06T09:19:10Z;lets-plot
590;CLOSED;Andreas Radke;Add ggsave (or save) method to PlotSpec class;2022-08-29T07:15:46Z;True;2023-12-28T19:07:14Z;lets-plot
589;CLOSED;Iaroslav Postovalov;Unclear size unit of `width` and `positionDodge(width = ?)`;2022-08-24T10:58:13Z;True;2022-09-15T17:09:17Z;lets-plot
587;CLOSED;Olga Larionova;The plot caption overlaps with the legend;2022-08-19T15:19:35Z;True;2022-08-19T15:36:15Z;lets-plot
585;OPEN;Iaroslav Postovalov;Enable adding custom point shapes;2022-08-15T21:09:40Z;False;;lets-plot
581;CLOSED;Ryan Chui;No arm64 manylinux wheels;2022-08-08T04:08:23Z;True;2022-10-03T20:14:21Z;lets-plot
580;CLOSED;Hui (Henry) Chen;The tooltip not rotate after we apply coord_flip().;2022-08-03T18:19:07Z;True;2022-10-05T15:30:46Z;lets-plot
579;CLOSED;Olga Larionova;Tooltip: different formats for same aesthetic Y;2022-08-02T10:13:31Z;True;2022-10-15T00:48:33Z;lets-plot
577;CLOSED;Iaroslav Postovalov;Non-conventional package name;2022-07-27T05:40:42Z;True;2023-08-18T21:25:07Z;lets-plot
576;CLOSED;PJ Fanning;lets-plot-batik: META-INF/services files specify xalan;2022-07-24T16:04:01Z;True;2022-09-13T22:07:07Z;lets-plot
575;CLOSED;Olga Larionova;Tooltip is not displayed for the object on the border of the plot;2022-07-21T11:21:09Z;True;2022-07-21T13:18:57Z;lets-plot
574;CLOSED;Olga Larionova;Tooltip is shown not for the nearest object;2022-07-21T10:57:24Z;True;2022-07-21T12:27:51Z;lets-plot
572;CLOSED;Igor Alshannikov;Make `segment` geometry better suited for graphs visualization.;2022-07-15T16:56:12Z;True;2024-03-01T20:16:38Z;lets-plot
568;CLOSED;Mike Macpherson;latitude and longitude are transposed in `geom_livemap` example;2022-07-11T01:54:11Z;True;2022-07-15T17:44:58Z;lets-plot
565;CLOSED;Igor Alshannikov;Theme, element_text(): add support for the `margins` parameter. ;2022-07-06T17:08:50Z;True;2022-10-03T19:56:49Z;lets-plot
564;CLOSED;Stanislav Poslavsky;Feature request: `position` option for scales;2022-07-06T15:17:01Z;True;2023-03-10T19:40:30Z;lets-plot
563;CLOSED;Olga Larionova;No tooltips for `geom_boxplot` with zero height;2022-07-06T12:24:04Z;True;2022-09-06T08:47:07Z;lets-plot
562;CLOSED;Stanislav Poslavsky;Feature request: ability to specify font size, family, hjust and vjust for element_text();2022-07-05T00:21:01Z;True;2022-10-03T19:59:16Z;lets-plot
561;CLOSED;Igor Alshannikov;Add cumulative distribution plot;2022-06-29T21:42:41Z;True;2023-08-18T21:04:17Z;lets-plot
560;OPEN;Igor Alshannikov;Add `geom_rug()`;2022-06-29T20:14:24Z;False;;lets-plot
559;CLOSED;Igor Alshannikov;"Marginal plots: add a ""bistro"" function for quick plot creation.";2022-06-29T20:06:34Z;True;2023-02-20T12:14:13Z;lets-plot
558;CLOSED;Igor Alshannikov;"Support automatic detection of ""orientation""";2022-06-29T19:36:09Z;True;2024-04-17T08:03:28Z;lets-plot
557;CLOSED;Igor Alshannikov;Add `geom_label()`;2022-06-29T18:54:07Z;True;2022-10-03T19:59:36Z;lets-plot
556;OPEN;Igor Alshannikov;Add `geom_hex()`;2022-06-29T18:50:49Z;False;;lets-plot
555;CLOSED;Igor Alshannikov;"Add support for ""viridis"" color scales.";2022-06-29T18:49:02Z;True;2022-07-15T19:22:19Z;lets-plot
554;CLOSED;Igor Alshannikov;Add `theme_bw` support;2022-06-29T18:44:49Z;True;2022-07-21T12:28:45Z;lets-plot
553;CLOSED;Igor Alshannikov;boxplot, violin, crossbar: position dodge width=0.95 should be used by default.;2022-06-28T21:28:43Z;True;2022-07-08T00:43:30Z;lets-plot
552;CLOSED;Igor Alshannikov;Density/area geom: preserve the z-order when grouping.;2022-06-28T20:51:47Z;True;2022-08-12T16:43:29Z;lets-plot
551;CLOSED;Igor Alshannikov;Allow to import all 'bistro' functions just by '*'.;2022-06-28T20:30:20Z;True;2022-08-12T16:43:29Z;lets-plot
550;CLOSED;Igor Alshannikov;Upgrade ktor version;2022-06-28T20:14:17Z;True;2022-06-30T10:44:31Z;lets-plot
549;CLOSED;Ivan Kupriyanov;Add horizontal segment for boxplot whiskers and option to control its size;2022-06-28T11:53:23Z;True;2022-09-02T14:33:36Z;lets-plot
547;CLOSED;Ivan Kupriyanov;Unexpected point geometries on geom_livemap();2022-06-09T18:52:38Z;True;2022-06-09T18:54:41Z;lets-plot
542;CLOSED;Stanislav Poslavsky;"Feature request: add ""panelBorder"" theme option";2022-05-29T21:57:10Z;True;2022-06-14T12:47:43Z;lets-plot
539;CLOSED;Olga Larionova;Jfx: Artifacts on fast cursor moving ;2022-05-20T09:08:57Z;True;2022-05-26T13:15:53Z;lets-plot
526;CLOSED;;Support for polars.DataFrame;2022-03-27T10:05:01Z;True;2022-05-12T11:28:41Z;lets-plot
525;CLOSED;Artem Smirnov;Labels out of plot when axis_text_y='blank';2022-03-21T16:33:31Z;True;2022-04-01T18:04:24Z;lets-plot
515;CLOSED;Olga Larionova;The axis tooltip overlaps the general tooltip;2022-02-17T11:28:36Z;True;2022-02-17T11:40:47Z;lets-plot
513;CLOSED;Stanislav Poslavsky;geomText with facetWrap breaks y axis limits (bug?);2022-02-15T13:44:30Z;True;2022-03-30T15:57:27Z;lets-plot
507;CLOSED;Carter Jernigan;scaleColorManual swaps labels if dataframe contains single label;2022-01-28T15:38:02Z;True;2022-09-28T19:40:14Z;lets-plot
506;CLOSED;Carter Jernigan;`scaleColorManual` Divide by Zero with 1 mapping;2022-01-28T15:13:14Z;True;2022-03-30T15:39:12Z;lets-plot
505;CLOSED;Eric Larson;No 3.10 wheel;2022-01-26T21:36:07Z;True;2022-06-24T15:32:23Z;lets-plot
504;CLOSED;Stanislav Poslavsky;n-color gradient for `scaleColorGradient`;2022-01-25T12:40:24Z;True;2022-06-07T17:33:18Z;lets-plot
501;CLOSED;Stanislav Poslavsky;Multiple color/fill scales;2022-01-15T14:30:04Z;True;2022-01-25T12:19:36Z;lets-plot
498;CLOSED;Stanislav Poslavsky;Feature request: geom_dotplot;2022-01-06T23:08:07Z;True;2022-03-30T16:00:45Z;lets-plot
497;CLOSED;Kiryl Bubovich; CVE-2021-23792 in org.jetbrains.lets-plot:lets-plot-image-export@2.2.1;2022-01-06T07:35:02Z;True;2022-01-10T20:38:44Z;lets-plot
496;CLOSED;Igor Alshannikov;LiveMap, Swing-batik: legend is not visible when overlapping map.;2021-12-30T20:46:17Z;True;2022-01-11T18:21:25Z;lets-plot
495;CLOSED;Igor Alshannikov;Provide a way to set a default theme.;2021-12-28T20:57:04Z;True;2022-04-10T11:22:14Z;lets-plot
494;OPEN;Igor Alshannikov;scaleXTime: labels on axis are not legible on large time delta values.;2021-12-14T18:42:52Z;False;;lets-plot
492;CLOSED;Sergei Bulgakov;Non-deterministic IDs for `clip-path` cause different svg outputs for the same input data;2021-12-10T17:35:48Z;True;2022-06-28T00:26:19Z;lets-plot
489;CLOSED;Xie Zejian;Different behavior between ggplot and letsplot in aes;2021-12-05T17:23:37Z;True;2021-12-07T16:04:33Z;lets-plot
488;CLOSED;Alexander Gusakov;Auto width API;2021-12-03T15:31:57Z;True;2022-03-30T16:06:03Z;lets-plot
486;CLOSED;Ivan Kupriyanov;Can't set None for coord limit;2021-11-30T16:05:47Z;True;2024-02-17T01:38:12Z;lets-plot
485;CLOSED;Vladimir Sitnikov;Is there a way to customize plot background (all the background) in JVM?;2021-11-27T17:34:30Z;True;2022-03-30T17:12:23Z;lets-plot
484;OPEN;Olga Larionova;The tooltip format with `{}` in the pattern ignores the default formatting;2021-11-26T12:04:10Z;False;;lets-plot
481;CLOSED;Olga Larionova;The tooltip dependence on number of factors works separately by layers;2021-11-25T12:30:06Z;True;2021-11-25T12:34:53Z;lets-plot
479;CLOSED;Holger Brandl;facetWrap should support scales argument;2021-11-20T15:29:59Z;True;2022-03-30T16:03:05Z;lets-plot
478;CLOSED;Igor Alshannikov;"coord_fixed should adjust dimensions of ""geom"" panel accordingly.";2021-11-17T00:16:16Z;True;2021-11-24T01:38:04Z;lets-plot
476;CLOSED;qj;“liblets_plot_python_extension_api.h”: No such file or directory;2021-11-14T01:59:18Z;True;2021-11-16T08:32:45Z;lets-plot
474;CLOSED;Igor Alshannikov;Coord system limits do not work with x/y scale with transform.;2021-11-09T20:55:03Z;True;2021-11-10T01:55:24Z;lets-plot
472;CLOSED;Vladimir Sitnikov;Please bundle LICENSE file to the published jar artifacts;2021-11-07T10:53:08Z;True;2021-12-14T16:49:47Z;lets-plot
471;CLOSED;Vladimir Sitnikov;Is kotlin-reflect really needed for lets-plot?;2021-11-02T15:38:55Z;True;2021-11-11T12:24:58Z;lets-plot
470;CLOSED;Vladimir Sitnikov;Select better labels for datatime axis;2021-10-31T17:05:17Z;True;2021-12-27T23:21:33Z;lets-plot
469;CLOSED;Vladimir Sitnikov;Provide 0-23 hour formatting;2021-10-31T17:02:25Z;True;2021-11-12T14:20:11Z;lets-plot
468;CLOSED;Vladimir Sitnikov;Provide scaleXTimeOffset for relative duration axis;2021-10-31T16:56:00Z;True;2021-12-13T11:48:34Z;lets-plot
456;CLOSED;;Not working in windows cmd prompt;2021-10-11T03:09:14Z;True;2021-10-19T01:16:14Z;lets-plot
454;CLOSED;Essi Parent;Ordering facets;2021-10-06T12:53:10Z;True;2021-10-21T21:07:46Z;lets-plot
453;CLOSED;Stanislav Poslavsky;Heatmap: geomTile() + coordFixed() strange result;2021-10-05T23:38:17Z;True;2021-12-15T22:20:59Z;lets-plot
452;CLOSED;Stanislav Poslavsky;Feature request: coord_polar;2021-10-01T22:58:40Z;True;2024-03-16T00:53:27Z;lets-plot
451;CLOSED;Essi Parent;Add scales argument to facet_grid and facet_wrap;2021-09-29T20:29:59Z;True;2022-03-30T16:05:28Z;lets-plot
450;CLOSED;Ivan Kupriyanov;Map rendering is broken when browser uses scaling;2021-09-29T19:34:25Z;True;2021-09-29T19:39:09Z;lets-plot
439;CLOSED;Robin Northcott;Not working with PyCharm, fails to send plot 500 Error;2021-09-16T22:41:27Z;True;2021-09-21T02:06:22Z;lets-plot
438;CLOSED;Robin Northcott;can't install with Pipenv - dependencies cannot be resolved;2021-09-16T21:55:25Z;True;2021-09-20T14:01:17Z;lets-plot
430;CLOSED;Ivan Kupriyanov;Unreadable breaks on axis;2021-09-07T14:56:44Z;True;2021-09-24T20:23:45Z;lets-plot
429;CLOSED;;not working in Jupyter Notebook ;2021-09-04T10:36:53Z;True;2021-10-11T05:34:03Z;lets-plot
428;CLOSED;Ivan Kupriyanov;map_join doesn't work when join variables with same names without mappings;2021-09-02T18:01:36Z;True;2021-09-02T18:07:36Z;lets-plot
424;OPEN;Igor Alshannikov;"Nice to have behavior similar to ""patchwork"" in R";2021-08-30T16:20:02Z;False;;lets-plot
423;CLOSED;;Pie chart in python;2021-08-24T20:50:58Z;True;2022-12-15T22:14:30Z;lets-plot
417;CLOSED;Igor Alshannikov;Add Subtitle, Caption;2021-08-08T00:57:52Z;True;2022-03-30T15:51:37Z;lets-plot
415;CLOSED;Ivan Kupriyanov;Increase saturation of a tooltip text color;2021-08-03T18:41:33Z;True;2022-03-30T15:48:24Z;lets-plot
412;CLOSED;Igor Alshannikov;geom_jitter: show axis tooltips (same as geom_point) ;2021-07-28T18:17:53Z;True;2021-08-04T09:19:57Z;lets-plot
410;OPEN;Igor Alshannikov;Support the 'reverse' param in guide_legend(), guide_colorbar();2021-07-27T22:19:01Z;False;;lets-plot
407;CLOSED;Igor Alshannikov;Scale breaks should be distributed evenly on 'sqrt' scale.;2021-07-20T17:38:38Z;True;2021-07-20T18:57:51Z;lets-plot
406;CLOSED;Igor Alshannikov;Wrong tooltip formatting when used with log10 scales;2021-07-20T17:33:23Z;True;2021-07-22T20:38:01Z;lets-plot
405;OPEN;Igor Alshannikov;Support 'coord_trans';2021-07-16T19:12:27Z;False;;lets-plot
403;CLOSED;Ivan Kupriyanov;Plot layout looks wrong;2021-07-14T20:25:29Z;True;2021-07-23T22:03:59Z;lets-plot
401;CLOSED;Igor Alshannikov;Tooltip format for variable is not working;2021-07-01T20:02:52Z;True;2021-08-04T09:19:00Z;lets-plot
400;CLOSED;BrezDev;Axis value font size;2021-07-01T19:05:34Z;True;2022-10-03T20:01:17Z;lets-plot
399;CLOSED;Igor Alshannikov;Tooltip on axis: increase the font size.;2021-06-30T20:47:13Z;True;2021-06-30T21:29:58Z;lets-plot
398;CLOSED;Ilya Idamkin;Consider upgrading to 1.14 version of apache-batik;2021-06-21T13:37:35Z;True;2021-06-30T18:33:07Z;lets-plot
396;CLOSED;Andreas Radke;element_text() not implemented yet? ;2021-06-14T13:05:16Z;True;2022-10-03T20:12:48Z;lets-plot
393;CLOSED;Igor Alshannikov;tooltip on y-axis looks wrong;2021-06-12T15:42:45Z;True;2021-11-30T07:56:09Z;lets-plot
392;CLOSED;Igor Alshannikov;formatting: scale_x_datetime should apply date-time formatting to the breaks;2021-06-11T17:41:23Z;True;2021-08-18T14:48:15Z;lets-plot
391;CLOSED;Igor Alshannikov;"faceted plot is broken by geom with ""constant"" aesthetics";2021-06-11T16:46:42Z;True;2021-08-06T19:30:51Z;lets-plot
390;CLOSED;Igor Alshannikov;"Formatting: "".1s"" pattern is not working as expected";2021-06-11T16:26:03Z;True;2021-07-22T20:40:42Z;lets-plot
388;CLOSED;Igor Alshannikov;tooltip default formatting should not change after adding other variables to tooltip;2021-06-11T01:00:36Z;True;2021-07-27T11:39:22Z;lets-plot
387;CLOSED;Igor Alshannikov;tooltip format() should understand date-time format pattern;2021-06-11T00:42:56Z;True;2021-08-18T13:46:00Z;lets-plot
386;CLOSED;Igor Alshannikov;maps: Simplify using 3-rd party raster tiles (helpers for well known free tiles).;2021-06-09T17:35:03Z;True;2021-08-02T20:10:18Z;lets-plot
385;CLOSED;Igor Alshannikov;"Plots which have 'vline' layer are ""levitating"" above the Y-axis";2021-06-08T20:41:40Z;True;2021-06-09T15:23:40Z;lets-plot
384;CLOSED;Robert DeFilippi;Question: creating scatterplots with marginal histograms?;2021-06-03T14:43:28Z;True;2022-06-28T00:32:49Z;lets-plot
382;CLOSED;Igor Alshannikov;No tooltip shown when I'm trying to add an empty line.;2021-05-29T23:33:31Z;True;2021-11-23T14:55:41Z;lets-plot
381;OPEN;Igor Alshannikov;livemap: add possibility to zoom-out the map via double-click.;2021-05-28T22:19:01Z;False;;lets-plot
380;CLOSED;Igor Alshannikov;map_join is not working correctly when `map=geocoder`;2021-05-28T21:53:06Z;True;2021-06-16T21:15:22Z;lets-plot
379;CLOSED;Igor Alshannikov;geocoding: ValueError: No objects were found for Munich;2021-05-28T21:03:44Z;True;2021-06-29T08:41:35Z;lets-plot
378;OPEN;Igor Alshannikov;geocoding: incorrect geocoding of St.Petersburg;2021-05-28T20:43:30Z;False;;lets-plot
377;CLOSED;Igor Alshannikov;geocoding: ValueError: No objects were found for Czech Republic.;2021-05-28T20:26:41Z;True;2021-06-29T08:32:51Z;lets-plot
374;CLOSED;;Exclude slf4j implementation from lets-plot-common;2021-05-19T14:12:37Z;True;2021-06-04T21:40:44Z;lets-plot
373;CLOSED;Artem Smirnov;Zoom without clipping breaks tooltips;2021-05-19T13:09:42Z;True;2021-09-08T14:34:25Z;lets-plot
372;CLOSED;Artem Smirnov;scale_y_log10: hidden segments;2021-05-19T13:09:05Z;True;2021-07-16T19:31:17Z;lets-plot
371;CLOSED;Ivan Kupriyanov;"Can't build plot - ""Uncaught SyntaxError: Unexpected string"" in a console";2021-05-12T20:03:13Z;True;2021-05-12T20:04:20Z;lets-plot
366;CLOSED;王尚堃;windows-10 error ImportError: DLL load failed: 找不到指定的模块。;2021-04-28T09:56:44Z;True;2021-12-28T22:06:08Z;lets-plot
365;OPEN;Igor Alshannikov;API should accept python 'range' type.;2021-04-27T22:00:48Z;False;;lets-plot
364;CLOSED;;Poor font rendering within SciView;2021-04-27T08:25:04Z;True;2021-06-23T01:45:32Z;lets-plot
363;CLOSED;Robert DeFilippi;LetsPlot.setup_html() in pycharm jupyter has no ouput;2021-04-25T22:57:51Z;True;2021-05-24T17:26:23Z;lets-plot
360;CLOSED;;Plugin not compatible with PyCharm 2021.1;2021-04-19T16:02:28Z;True;2021-04-20T14:27:46Z;lets-plot
358;CLOSED;Igor Alshannikov;Outlier tooltips: the spout sometimes is too long (boxplot);2021-04-09T16:35:49Z;True;2021-08-04T09:15:26Z;lets-plot
355;OPEN;Artem Smirnov;Incorrect code does not throw an exception;2021-03-30T15:08:48Z;False;;lets-plot
354;OPEN;Artem Smirnov;`layer()` ignores aesthetics;2021-03-30T15:08:17Z;False;;lets-plot
352;OPEN;Igor Alshannikov;"geom_livemap: param ""location"" should be easier to use with geocoder object.";2021-03-25T19:02:34Z;False;;lets-plot
350;OPEN;Ekaterina Arkhipova;"Incorrect coordinates of point by ""pick"" tool if the map was shifted.";2021-03-19T17:56:54Z;False;;lets-plot
348;CLOSED;;Plots not showing in SciView when remote debugging;2021-03-10T19:28:22Z;True;2021-03-17T16:51:29Z;lets-plot
347;CLOSED;Igor Alshannikov;All scales should have the 'format' parameter.;2021-03-08T16:22:58Z;True;2021-05-17T18:20:05Z;lets-plot
346;CLOSED;Artem Smirnov;scale_x_datetime(): error building plot for early dates;2021-03-05T16:04:13Z;True;2023-08-30T22:13:13Z;lets-plot
343;CLOSED;Ivan Kupriyanov;Treat a data as DataFrame if both data and map are GeoDataFrames;2021-03-02T20:17:01Z;True;2021-03-02T20:22:35Z;lets-plot
340;CLOSED;Igor Alshannikov;"geom_density: The ""..count.."" variable is not computed correctly";2021-03-01T18:27:05Z;True;2022-06-28T00:34:04Z;lets-plot
339;OPEN;Artem Smirnov;geom_text(): Labels do not fit plot boundaries;2021-03-01T10:47:46Z;False;;lets-plot
336;CLOSED;Igor Alshannikov;panning on interactive map should be more responsive.;2021-02-22T19:12:34Z;True;2023-07-10T18:36:38Z;lets-plot
335;CLOSED;Igor Alshannikov;tooltip on livemap: hide tooltip when the cursor is over the controls;2021-02-22T18:35:48Z;True;2022-01-20T18:21:08Z;lets-plot
334;CLOSED;Artem Smirnov;geom_hline(): graph plotted outside of coordinate plane visible part;2021-02-20T13:34:40Z;True;2021-04-27T21:57:01Z;lets-plot
333;CLOSED;Artem Smirnov;Axis titles depend on order of datasets;2021-02-20T13:16:16Z;True;2021-03-17T13:41:15Z;lets-plot
332;CLOSED;Igor Alshannikov;livemap: tile tooltip is not working with polygons layer present.;2021-02-18T21:55:31Z;True;2023-02-10T18:51:37Z;lets-plot
331;CLOSED;Igor Alshannikov;coord_map() should distort tiles size to account for different unit size at different latitudes.;2021-02-18T20:08:37Z;True;2024-03-01T12:35:49Z;lets-plot
329;CLOSED;Artem Smirnov;corr_plot() error for data with zero variation;2021-02-18T10:06:40Z;True;2021-10-28T18:18:25Z;lets-plot
327;CLOSED;Artem Smirnov;Bad axis labels when using both plot and layer data;2021-02-17T14:52:26Z;True;2021-07-22T20:52:02Z;lets-plot
326;CLOSED;Artem Smirnov;geom_crossbar: bad label for y axis;2021-02-16T15:17:12Z;True;2021-03-26T19:27:51Z;lets-plot
325;CLOSED;Igor Alshannikov;geom_boxplot: should be possible to create boxplot without specifying x-series;2021-02-15T20:25:04Z;True;2021-04-27T21:34:33Z;lets-plot
324;CLOSED;Igor Alshannikov;geom_text: add support for lineheight, nudge_x, nudge_y, inward and outward;2021-02-15T20:22:59Z;True;2022-11-09T13:21:55Z;lets-plot
323;CLOSED;Igor Alshannikov;position stack: add the `vjust` parameter.;2021-02-15T20:21:58Z;True;2022-11-09T13:23:05Z;lets-plot
322;OPEN;Igor Alshannikov;geom_arrow: support arrow() on line / path geoms;2021-02-15T20:21:13Z;False;;lets-plot
321;OPEN;Igor Alshannikov;GGbunch: overall title;2021-02-15T20:20:31Z;False;;lets-plot
320;CLOSED;Igor Alshannikov;Implement the 'stroke' aesthetic.;2021-02-15T20:19:09Z;True;2023-03-31T17:27:05Z;lets-plot
319;CLOSED;Igor Alshannikov;Support LaTeX for labels;2021-02-15T20:14:48Z;True;2021-12-28T22:18:44Z;lets-plot
318;CLOSED;Igor Alshannikov;geom_vline: alpha doesn't work;2021-02-15T20:11:25Z;True;2021-02-16T18:01:18Z;lets-plot
317;OPEN;Igor Alshannikov;geom_point cannot be plot when the input for the parameter 'shape' is a string;2021-02-15T20:05:34Z;False;;lets-plot
316;CLOSED;Igor Alshannikov;add stat_summary, stat_summary_bin to ggplot;2021-02-15T20:02:19Z;True;2023-07-10T09:37:17Z;lets-plot
315;CLOSED;Igor Alshannikov;Weird tooltip/legend in case of extremely long value;2021-02-15T20:01:18Z;True;2023-06-20T11:12:00Z;lets-plot
314;OPEN;Igor Medovolkin;Parameter info for aes() is missing all its arguments;2021-02-12T12:36:47Z;False;;lets-plot
313;CLOSED;Igor Medovolkin;geom_path doesn't support different colors for segments;2021-02-12T12:11:36Z;True;2023-06-30T13:12:57Z;lets-plot
311;CLOSED;Michael Cramer;jcenter will be shutdown;2021-02-10T09:22:58Z;True;2021-06-28T22:40:44Z;lets-plot
309;CLOSED;Olga Larionova;The tooltip crosshair lags behind the cursor;2021-02-09T14:13:10Z;True;2021-03-17T09:57:53Z;lets-plot
308;OPEN;Igor Alshannikov;map parameter: support shapely objects.;2021-02-07T19:48:05Z;False;;lets-plot
307;CLOSED;Igor Alshannikov;Support rectangle 'linetype' in geom_livemap()  ;2021-02-05T23:29:54Z;True;2023-09-08T18:00:36Z;lets-plot
301;CLOSED;Artem Smirnov;"Need to skip ""bad"" values during scale transformation";2021-01-27T15:59:06Z;True;2021-07-08T18:58:34Z;lets-plot
300;OPEN;Artem Smirnov;More flexible ggsize();2021-01-27T13:58:09Z;False;;lets-plot
299;OPEN;Artem Smirnov;Using range in scales;2021-01-27T13:54:54Z;False;;lets-plot
298;CLOSED;Artem Smirnov;Default tooltips not working for geom_polygon() on small plots;2021-01-27T13:52:10Z;True;2021-03-03T09:42:07Z;lets-plot
297;CLOSED;Artem Smirnov;Maximum possible value for vjust is too small;2021-01-27T13:48:42Z;True;2022-11-09T13:27:06Z;lets-plot
296;CLOSED;Artem Smirnov;Tooltips not working for geom_segment();2021-01-27T13:45:20Z;True;2021-03-17T13:41:18Z;lets-plot
295;OPEN;Igor Alshannikov;Correlation plot: nice to include categorical variables as well.;2021-01-21T17:08:43Z;False;;lets-plot
292;CLOSED;Ivan Kupriyanov;NPE on negative value in data and scale_xxx(trans='log10');2021-01-18T13:47:50Z;True;2021-07-08T18:58:27Z;lets-plot
291;CLOSED;Igor Alshannikov;discrete scale parameter `reverse` is not working if `limits` are present.;2021-01-15T22:26:29Z;True;2021-02-10T08:25:19Z;lets-plot
289;CLOSED;Artem Smirnov;Long titles are displayed incorrectly;2021-01-15T11:22:08Z;True;2021-02-10T08:25:13Z;lets-plot
287;CLOSED;Artem Smirnov;Error in plot building: 'trans' parameter not compatible with None values in data;2021-01-13T14:59:18Z;True;2021-01-15T18:48:58Z;lets-plot
285;CLOSED;Igor Alshannikov;Error building plot: Layer 'MAP' is not supported on Live Map.;2021-01-09T23:17:10Z;True;2021-01-15T19:17:26Z;lets-plot
284;CLOSED;Igor Alshannikov;Legend is broken when using scale_fill_brewer with 'trans' parameter;2021-01-09T22:53:29Z;True;2021-07-13T18:40:04Z;lets-plot
283;CLOSED;;Python 3.9 support;2021-01-09T21:24:52Z;True;2021-02-10T01:04:58Z;lets-plot
282;CLOSED;Igor Alshannikov;PyCharm SciView: NaN values are handled incorrectly;2021-01-06T17:14:45Z;True;2021-02-10T01:05:39Z;lets-plot
281;CLOSED;Igor Alshannikov;geom_histogram should not try to handle geometries in GeoDataFrame;2021-01-05T22:47:52Z;True;2021-01-15T20:46:08Z;lets-plot
280;CLOSED;Olga Larionova;Duplicate values in tooltip;2020-12-28T17:48:46Z;True;2020-12-28T17:58:13Z;lets-plot
276;CLOSED;Igor Alshannikov;PyCharm integration: Lets-Plot plugin is partially defunct on macOS.;2020-12-23T22:29:51Z;True;2020-12-23T22:30:54Z;lets-plot
271;CLOSED; Ilya Krukov;Misleading error message;2020-12-18T12:59:00Z;True;2021-10-28T18:24:44Z;lets-plot
270;OPEN; Ilya Krukov;size_unit for geom_text should take into account user specified label_format;2020-12-18T12:51:50Z;False;;lets-plot
262;CLOSED;Igor Alshannikov;corr_plot: incorrect (different) order on axis.;2020-12-15T00:09:40Z;True;2020-12-18T09:52:29Z;lets-plot
261;CLOSED;Igor Alshannikov;"corr_plot: labels(type=""upper"") sometimes not working.";2020-12-14T23:32:36Z;True;2020-12-15T21:17:41Z;lets-plot
260;OPEN;Igor Alshannikov;'size_unit': should be possible to specify min of x/y;2020-12-14T23:09:29Z;False;;lets-plot
253;CLOSED;Ivan Kupriyanov;Move parameter tooltip_anchor from theme() to layer();2020-12-09T10:19:26Z;True;2020-12-16T19:03:00Z;lets-plot
247;CLOSED;Ivan Kupriyanov;With facet_grid tooltip shows data from last plot on all plots;2020-11-30T11:02:29Z;True;2020-12-01T11:19:03Z;lets-plot
246;CLOSED;Igor Alshannikov;y-tooltip should be aligned with a tile center.;2020-11-27T22:40:47Z;True;2020-12-14T14:45:35Z;lets-plot
245;CLOSED; Ilya Krukov;Strange looking legend for tiles;2020-11-25T15:46:48Z;True;2021-06-30T20:52:26Z;lets-plot
243;CLOSED; Ilya Krukov;Tooltip 'null' displayed for undefined vals;2020-11-25T10:58:26Z;True;2020-11-27T11:11:46Z;lets-plot
241;CLOSED;Igor Alshannikov;Tooltip should appear if the mapped data is continuous;2020-11-24T22:18:25Z;True;2020-12-07T15:50:04Z;lets-plot
238;CLOSED;;Support facet_wrap;2020-11-15T13:51:30Z;True;2021-02-10T01:12:39Z;lets-plot
231;CLOSED;Igor Alshannikov;Nice to be able to override the default tooltip color.;2020-11-10T21:07:50Z;True;2020-12-28T17:58:26Z;lets-plot
230;CLOSED;Igor Alshannikov;No z-value tooltip when contours overlay tiles;2020-11-06T21:04:41Z;True;2020-12-28T17:58:38Z;lets-plot
229;CLOSED;Igor Alshannikov;No tooltip on v-line;2020-11-06T21:01:25Z;True;2020-11-19T08:31:12Z;lets-plot
228;CLOSED;Ying;Render non-interactive plot;2020-11-06T00:30:43Z;True;2020-12-28T22:31:08Z;lets-plot
227;CLOSED;Igor Alshannikov;Color in tooltip does not correspond to the color of marker on map.;2020-11-05T20:00:47Z;True;2022-01-20T19:42:17Z;lets-plot
224;CLOSED;Igor Alshannikov;Nice to be able to anchor tooltip in the middle/center .;2020-11-02T23:29:33Z;True;2020-11-16T17:59:28Z;lets-plot
223;CLOSED;Igor Alshannikov;Add 'tooltip_anchor' param to the theme fun and update the doc string.;2020-11-02T23:18:01Z;True;2020-11-03T18:54:08Z;lets-plot
221;CLOSED;Prasoon Shukla;Is there a way to use the standard ggplot theme with lets-plot?;2020-10-29T15:36:59Z;True;2021-12-28T01:55:18Z;lets-plot
211;CLOSED;Sam Reed;Wikimedia Tileservers going away for 3rd party usage;2020-10-11T19:15:20Z;True;2020-11-02T21:52:21Z;lets-plot
206;CLOSED;Igor Alshannikov;scale_color_hue incorrectly interprets chroma range;2020-09-28T17:00:05Z;True;2020-10-14T21:20:55Z;lets-plot
204;CLOSED;Igor Alshannikov;Wrong direction in colorbars (legend);2020-09-25T18:05:33Z;True;2021-07-27T22:17:35Z;lets-plot
203;CLOSED;Igor Alshannikov;scale_color_brewer shouldn't fail if 'type' is not specified;2020-09-24T18:02:57Z;True;2020-10-16T23:59:21Z;lets-plot
200;CLOSED;;Marginal plots;2020-09-11T13:29:26Z;True;2022-06-28T00:47:57Z;lets-plot
198;CLOSED;Igor Alshannikov;"Add documentation to ""coord_xxx"" functions.";2020-09-10T20:04:15Z;True;2020-09-18T18:42:58Z;lets-plot
195;CLOSED;Igor Alshannikov;sphinx-doc: provide a yml env file.;2020-09-04T17:53:37Z;True;2020-09-17T21:07:11Z;lets-plot
193;CLOSED;Ivan Kupriyanov;Add attribution parameter for map tiles configuration ;2020-09-01T19:37:34Z;True;2020-09-11T11:01:52Z;lets-plot
191;CLOSED;Igor Alshannikov;Dark map: OSM attribution is not visible.;2020-08-21T18:23:01Z;True;2020-09-11T11:01:51Z;lets-plot
189;CLOSED;Ivan Kupriyanov;lim for coord_fixed also should set clippath;2020-08-21T09:45:10Z;True;2021-02-26T15:28:40Z;lets-plot
188;CLOSED;Igor Alshannikov;PolygonsDemoBrowser.kt is not working.;2020-08-19T16:28:41Z;True;2021-03-26T21:37:37Z;lets-plot
187;OPEN;Igor Alshannikov;Review the @Ignore annotation in tests.;2020-08-18T20:21:15Z;False;;lets-plot
186;CLOSED;Ivan Kupriyanov;NPE when bind aes.fill to a column with only None values;2020-08-12T09:09:51Z;True;2020-08-18T20:12:45Z;lets-plot
183;CLOSED;Igor Alshannikov;Add the `map_join` parameter to all geoms which support `map` parameter (py);2020-08-06T20:10:38Z;True;2020-08-07T06:41:59Z;lets-plot
182;CLOSED;Igor Alshannikov;map_titanic.ipynb : UnboundLocalError: local variable 'map_join' referenced before assignment;2020-08-06T20:08:45Z;True;2020-08-07T06:41:58Z;lets-plot
178;CLOSED;Igor Alshannikov;Document smoothing parameters in `geom_smooth()`;2020-07-30T00:05:26Z;True;2020-08-25T09:11:28Z;lets-plot
174;CLOSED;Igor Alshannikov;"regions_buider.allow_ambiguous() doesn't prevent ""ValueError: Multiple objects..""";2020-07-20T18:43:42Z;True;2021-02-08T13:31:45Z;lets-plot
173;CLOSED;Igor Alshannikov;coord_map: IllegalArgumentException when using `xlim` parameter;2020-07-20T18:14:43Z;True;2020-07-24T11:59:07Z;lets-plot
172;CLOSED;Igor Alshannikov;scale_fill_discrete() should not replace the default discrete scale.;2020-07-19T20:14:00Z;True;2020-10-16T23:59:22Z;lets-plot
171;CLOSED;Igor Alshannikov;Add documentation to `Regions` (py);2020-07-17T18:31:27Z;True;2020-08-03T15:13:22Z;lets-plot
169;CLOSED;Igor Alshannikov;Make scale's 'breaks' / 'labels' parameters understand dict of breaks as keys and labels as values.;2020-07-15T17:20:07Z;True;2023-12-28T19:33:36Z;lets-plot
167;CLOSED;Igor Alshannikov;'Australia' not found in map error;2020-07-10T20:16:55Z;True;2020-07-14T10:42:25Z;lets-plot
166;CLOSED;Igor Alshannikov;Tooltip on 'map_california_housing' example often not shown.;2020-07-10T20:07:28Z;True;2020-07-13T16:59:00Z;lets-plot
164;CLOSED;Igor Alshannikov;map_join: Variable not found: 'State';2020-07-08T00:56:47Z;True;2020-07-08T14:22:00Z;lets-plot
163;CLOSED;Igor Alshannikov;Add parameter `map` to `geom_livemap`;2020-07-08T00:30:57Z;True;2020-07-08T15:20:05Z;lets-plot
161;CLOSED;Igor Alshannikov;Tooltip on x axis with no title shouldn't be above the axis line.;2020-07-03T19:22:48Z;True;2020-07-22T00:23:55Z;lets-plot
160;CLOSED;Igor Alshannikov;Text on axis is clipped after hiding the tick-marks in theme.;2020-07-03T19:14:22Z;True;2020-07-22T18:32:29Z;lets-plot
158;CLOSED;Igor Alshannikov;Remove 'expand' parameter in all non-positional scales;2020-07-01T18:14:05Z;True;2020-08-21T16:03:11Z;lets-plot
157;CLOSED;Igor Alshannikov;Do it right before next RC;2020-07-01T00:43:21Z;True;2020-07-27T18:52:53Z;lets-plot
155;CLOSED;Igor Alshannikov;Clipped tooltip;2020-06-28T23:49:37Z;True;2020-07-23T16:30:55Z;lets-plot
154;OPEN;Igor Alshannikov;"Make GGBunch ""fluent interface""";2020-06-23T19:22:27Z;False;;lets-plot
147;CLOSED;Olga Larionova;Merge theme settings specified in subsequent calls to the 'theme()' function.;2020-06-11T10:08:29Z;True;2021-03-17T10:01:58Z;lets-plot
143;CLOSED;Ivan Kupriyanov;Broken colors with scale_color_discrete and groups;2020-05-22T13:41:43Z;True;2020-11-26T00:45:18Z;lets-plot
141;OPEN;Igor Alshannikov;sampling_random doesn't work well with geom_boxplot;2020-05-18T17:20:45Z;False;;lets-plot
140;CLOSED;Igor Alshannikov;map: calif.housing;2020-05-15T20:28:05Z;True;2021-04-27T22:59:09Z;lets-plot
139;CLOSED;Mikhail Koroteev;'alpha' parameter doesn't affect lines;2020-05-15T13:37:49Z;True;2021-03-01T14:32:26Z;lets-plot
138;CLOSED;Holger Brandl;Pycharm integration not functional;2020-05-14T22:19:07Z;True;2020-05-15T05:30:52Z;lets-plot
136;CLOSED;Igor Alshannikov;as_discrete: add support for `ordered` parameter ;2020-05-08T19:54:24Z;True;2021-08-04T09:22:14Z;lets-plot
135;CLOSED;Igor Alshannikov;is_discrete: a rounding error.;2020-05-08T19:49:56Z;True;2020-05-22T13:49:21Z;lets-plot
132;CLOSED;Igor Alshannikov;" map: geom_text vjust=""center"" is a bit off";2020-05-05T23:35:02Z;True;2023-02-08T17:13:20Z;lets-plot
131;CLOSED;Igor Alshannikov;map: add support for `arrow` param in geom_segment();2020-05-05T18:11:48Z;True;2022-06-24T15:34:18Z;lets-plot
130;CLOSED;Igor Alshannikov;'map_join' fails when `map` arg is dict: 'map_id' aesthetic is required to show data on map;2020-05-05T17:43:43Z;True;2020-05-08T11:19:46Z;lets-plot
129;CLOSED;Igor Alshannikov;map: unclear error message;2020-05-05T16:36:35Z;True;2020-05-05T21:16:13Z;lets-plot
128;OPEN;Igor Alshannikov;"map: nice to have parameter 'location' understand data in JSON format provided by ""pick"" tool";2020-05-05T16:00:28Z;False;;lets-plot
127;CLOSED;Igor Alshannikov;"map: unexpected "".. is nor enabled"" Exception";2020-05-04T19:50:03Z;True;2020-05-05T21:15:27Z;lets-plot
126;CLOSED;Igor Alshannikov;map: do not apply 'alpha' to (boundary) color in geom_polygon;2020-05-04T18:34:08Z;True;2020-05-12T10:06:02Z;lets-plot
125;OPEN;Igor Alshannikov;map: infinite spinner on network error. ;2020-05-01T19:09:10Z;False;;lets-plot
124;CLOSED;Igor Alshannikov;NPE in examples/jupyter-notebooks/geopandas_naturalearth.ipynb;2020-05-01T18:38:02Z;True;2020-05-04T08:14:48Z;lets-plot
122;CLOSED;Igor Alshannikov;Add `ggsave()` wrapper to Lets-Plot API;2020-04-24T23:08:17Z;True;2020-09-23T20:19:06Z;lets-plot
121;CLOSED;Igor Alshannikov;White background needed when plot is shown on a dark backdrop in PyCharm dark scheme;2020-04-24T22:58:08Z;True;2020-05-04T15:51:30Z;lets-plot
119;CLOSED;Igor Alshannikov;Plot takes several minutes to show when `scale_color_discrete` is used. ;2020-04-20T19:20:04Z;True;2020-04-30T06:36:42Z;lets-plot
118;CLOSED;;DLL load failed while importing lets_plot_kotlin_bridge;2020-04-17T21:16:44Z;True;2020-04-24T19:07:38Z;lets-plot
115;CLOSED;Igor Alshannikov;Add protection from entering absurd values.;2020-04-14T18:09:07Z;True;2020-05-05T16:44:52Z;lets-plot
112;CLOSED;Igor Alshannikov;Error when input map contains numeric keys;2020-04-10T17:11:10Z;True;2020-04-10T18:22:45Z;lets-plot
103;CLOSED;Igor Alshannikov;Tooltip is not shown on density line in the middle of scatter matrix.;2020-03-25T17:08:14Z;True;2020-04-01T09:38:06Z;lets-plot
96;CLOSED;Ivan Kupriyanov;Add tooltip for geom_hline and geom_vline;2020-03-04T18:11:27Z;True;2020-04-02T12:00:20Z;lets-plot
91;CLOSED;Ivan Kupriyanov;Error on NaT value in data;2020-02-27T17:27:36Z;True;2020-03-04T17:56:48Z;lets-plot
89;CLOSED;Artem Borzilov;Js import is dropped on cell recalculation;2020-02-26T11:14:27Z;True;2020-03-30T22:36:18Z;lets-plot
85;CLOSED;Igor Alshannikov;Tooltip text NULL;2020-02-14T21:56:17Z;True;2020-02-25T10:06:18Z;lets-plot
84;CLOSED;Igor Alshannikov;Tooltip on vertical bar shapes: the `main` tip view is out of place.;2020-02-14T21:47:07Z;True;2020-03-02T08:24:56Z;lets-plot
82;CLOSED;Igor Alshannikov;geom_smooth with LOESS: the shown confidence interval is random. ;2020-02-05T00:55:49Z;True;2020-02-06T16:06:01Z;lets-plot
81;CLOSED;Igor Alshannikov;coord_fixed, coord_map: preserve x/y ratio when using xlim, ylim parameters;2020-02-04T01:52:49Z;True;2020-02-13T17:25:27Z;lets-plot
79;CLOSED;Ivan Kupriyanov;Palettes support for discrete scales;2020-01-24T20:11:04Z;True;2020-11-03T19:04:53Z;lets-plot
78;CLOSED;Ivan Kupriyanov;Add functions for basic tooltip configuration;2020-01-24T20:08:27Z;True;2020-11-03T18:53:41Z;lets-plot
77;CLOSED;Ivan Kupriyanov;Add factor function;2020-01-24T20:01:22Z;True;2020-03-02T08:54:57Z;lets-plot
76;OPEN;Ivan Kupriyanov;Add mnemonics for point shapes;2020-01-24T19:50:25Z;False;;lets-plot
75;CLOSED;breandan;Support for stat_function;2020-01-05T03:24:59Z;True;2023-08-18T21:15:43Z;lets-plot
74;CLOSED;Igor Alshannikov;geom_text: add support for nudge_x, nudge_y parameters;2019-12-30T19:58:09Z;True;2021-12-28T21:14:02Z;lets-plot
73;CLOSED;Igor Alshannikov;Draw geometry only once if layer has no aes mapping specified;2019-12-30T19:39:58Z;True;2021-04-27T22:59:21Z;lets-plot
62;CLOSED;Igor Alshannikov;Support `trim` parameter in density stat;2019-12-04T20:15:03Z;True;2022-06-07T12:14:59Z;lets-plot
59;CLOSED;Ivan Kupriyanov;Bad tooltips performance;2019-11-18T10:12:13Z;True;2023-03-10T19:45:31Z;lets-plot
56;CLOSED;Igor Alshannikov;Support geom_image();2019-11-08T23:33:48Z;True;2019-12-18T11:19:25Z;lets-plot
54;OPEN;Igor Alshannikov;Support 'fullrange' parameter;2019-11-01T20:15:09Z;False;;lets-plot
53;CLOSED;Igor Alshannikov;Fix plotting boxplot stat with geom_point;2019-11-01T19:32:09Z;True;2023-08-18T21:19:22Z;lets-plot
52;CLOSED;Igor Alshannikov;Implement guides function ;2019-11-01T17:14:49Z;True;2021-03-17T13:41:21Z;lets-plot
51;CLOSED;Igor Alshannikov;Implement GGBunch;2019-10-30T23:02:27Z;True;2020-01-27T16:04:08Z;lets-plot
50;CLOSED;Igor Alshannikov;BarPlotSceneMapper demo: tooltip should appear at once on hover;2019-10-29T21:55:24Z;True;2019-10-30T21:43:22Z;lets-plot
49;CLOSED;Igor Alshannikov;BoxPlotSceneMapper demo: error on mouse hover;2019-10-29T20:57:39Z;True;2019-10-31T06:43:16Z;lets-plot
11;CLOSED;Igor Alshannikov;style class `plt-tooltip` is never set;2019-08-07T21:14:10Z;True;2019-08-19T12:14:47Z;lets-plot
266;OPEN;Andrei Kislitsyn;`scaleFillManual` doesn't work correctly with numbers;2024-12-16T11:49:18Z;False;;lets-plot-kotlin
265;OPEN;Andrei Kislitsyn;Add `ggtb()` support in Swing and Kotlin Notebook;2024-12-06T18:50:00Z;False;;lets-plot-kotlin
257;OPEN;Igor Alshannikov;Better documentation for the `tooltips` parameter in layer.;2024-09-05T16:31:48Z;False;;lets-plot-kotlin
252;OPEN;Ivan Kupriyanov;asDiscrete: the levels parameter works inconsistently with values of int type;2024-07-19T17:27:50Z;False;;lets-plot-kotlin
250;CLOSED;nort3x;Add Installation Section to README.md;2024-07-13T12:22:07Z;True;2024-07-15T19:32:09Z;lets-plot-kotlin
244;CLOSED;Ilya Muradyan;Add Jupyter integration(s);2024-05-01T11:51:26Z;True;2024-11-20T17:54:23Z;lets-plot-kotlin
243;CLOSED;;PolygonData ring should contain at least 3 points;2024-04-27T10:01:36Z;True;2024-04-28T07:27:15Z;lets-plot-kotlin
241;CLOSED;Andrei Kislitsyn;`linetype` doesn't work for `geomTile`;2024-04-17T10:37:10Z;True;2024-04-26T01:06:45Z;lets-plot-kotlin
237;CLOSED;Tom Cunningham;Q: any way to line-wrap facet labels?;2024-02-22T00:32:08Z;True;2024-04-22T21:31:47Z;lets-plot-kotlin
236;CLOSED;Andrei Kislitsyn;Make middle strip in `geomBoxplot()` optional;2024-02-16T12:54:11Z;True;2024-02-16T19:59:26Z;lets-plot-kotlin
235;CLOSED;Andrei Kislitsyn;Add `linetype` parameter in `elementLine()` and `elementRect()`;2024-02-14T14:45:20Z;True;2024-04-22T21:32:44Z;lets-plot-kotlin
234;CLOSED;Andrei Kislitsyn;Unexpected behaviour of `group`;2024-02-08T11:31:37Z;True;2024-07-01T19:50:13Z;lets-plot-kotlin
233;CLOSED;Andrei Kislitsyn;Make middle strip in `geomCrossbar()` optional;2024-01-29T11:02:10Z;True;2024-02-15T21:48:16Z;lets-plot-kotlin
232;CLOSED;Andrei Kislitsyn;How to hide only main tooltip (not side one)?;2024-01-24T10:23:08Z;True;2024-03-19T10:22:27Z;lets-plot-kotlin
231;CLOSED;Andrei Kislitsyn;Discrete scale doesn't work for datetime data.;2024-01-12T10:50:42Z;True;2024-04-22T21:33:37Z;lets-plot-kotlin
230;CLOSED;Andrei Kislitsyn;Can I save plot as canvas element?;2024-01-11T15:29:37Z;True;2024-01-31T15:06:47Z;lets-plot-kotlin
229;CLOSED;Igor Alshannikov;Nice to have tooltip to inherit formatting configured for axis.;2024-01-08T21:06:31Z;True;2024-12-16T22:50:25Z;lets-plot-kotlin
225;CLOSED;Andrei Kislitsyn;Bug with Tooltips in Swing/Batik;2023-12-06T08:54:20Z;True;2024-03-13T13:22:46Z;lets-plot-kotlin
222;CLOSED;Cyril de Catheu;Java interop - consider builders or overloads;2023-11-04T11:43:48Z;True;2023-11-07T01:16:03Z;lets-plot-kotlin
220;CLOSED;Andrei Kislitsyn;Improve border line type experience;2023-11-02T12:18:47Z;True;2024-07-01T15:50:05Z;lets-plot-kotlin
219;CLOSED;Andrei Kislitsyn;y scale doesn't work for bars/area;2023-11-02T10:53:19Z;True;2024-02-21T22:03:54Z;lets-plot-kotlin
218;CLOSED;Andrei Kislitsyn;Axis scales are not automatically configured when using `geomABLine()`;2023-11-02T10:50:34Z;True;2023-11-07T19:16:29Z;lets-plot-kotlin
217;CLOSED;Igor Alshannikov;Geotools: migrate to v30;2023-10-19T21:03:14Z;True;2024-01-05T19:59:58Z;lets-plot-kotlin
216;CLOSED;Igor Alshannikov;Lollipop in legend is disproportionately large.;2023-10-17T16:48:51Z;True;2023-11-07T00:46:50Z;lets-plot-kotlin
215;CLOSED;Kyant;How to plot dots with hex colors?;2023-10-12T12:41:39Z;True;2023-10-12T14:28:24Z;lets-plot-kotlin
213;CLOSED;taras;Changing a default color palette;2023-10-10T18:37:35Z;True;2024-10-01T16:57:22Z;lets-plot-kotlin
199;CLOSED;Valeri Kuparashvili;Getting errors while exporting image outside of Intellij IDEA;2023-08-08T17:52:33Z;True;2023-08-09T21:57:05Z;lets-plot-kotlin
197;CLOSED;Martmists;Subplot themes not inherited by parent;2023-08-02T16:04:49Z;True;2023-11-07T00:50:28Z;lets-plot-kotlin
195;CLOSED;Igor Alshannikov;geomStep: add 'tooltips' parameter;2023-08-01T19:22:09Z;True;2023-08-24T20:19:22Z;lets-plot-kotlin
194;CLOSED;Thomas Dost;Bug in empty plot: IndexOutOfBoundsException;2023-07-14T16:15:30Z;True;2023-08-24T20:08:37Z;lets-plot-kotlin
189;CLOSED;Andrei Kislitsyn;How to remove side tooltips without `anchor`?;2023-05-24T10:17:42Z;True;2023-08-24T20:16:47Z;lets-plot-kotlin
188;CLOSED;Igor Alshannikov;ggsave: saving `geomImshow()` to SVG produces fuzzy picture;2023-05-10T21:54:51Z;True;2023-08-24T20:10:44Z;lets-plot-kotlin
187;CLOSED;Igor Alshannikov;ggsave: an error if file is already exists.;2023-05-10T21:46:37Z;True;2023-05-11T20:20:17Z;lets-plot-kotlin
184;OPEN;Andrei Kislitsyn;Working with new types of data.;2023-05-06T19:32:43Z;False;;lets-plot-kotlin
176;CLOSED;Andrei Kislitsyn;Tooltips bug;2023-04-17T09:55:38Z;True;2023-05-10T21:26:49Z;lets-plot-kotlin
175;CLOSED;Andrei Kislitsyn;save image from algebric_curve;2023-04-11T22:14:06Z;True;2023-05-10T21:23:14Z;lets-plot-kotlin
174;CLOSED;Andrei Kislitsyn;Shouldn't `scaleDateTime()` work by default with Instant?;2023-04-11T16:49:57Z;True;2023-05-10T21:25:15Z;lets-plot-kotlin
171;CLOSED;Kirill Simovin;Skip name in the legend;2023-04-05T15:22:18Z;True;2023-04-05T17:10:23Z;lets-plot-kotlin
170;CLOSED;Kirill Simovin;Is it possible to set axis limits?;2023-04-01T10:09:47Z;True;2023-04-02T09:03:14Z;lets-plot-kotlin
165;CLOSED;Andrei Kislitsyn;`scaleXDiscrete` doesn't make scale discrete;2023-03-15T10:29:58Z;True;2023-03-17T18:12:28Z;lets-plot-kotlin
154;CLOSED;Andrei Kislitsyn;Usage not only `Number` as a layer `x`/`y` argument ;2023-02-23T12:23:18Z;True;2023-06-28T19:29:58Z;lets-plot-kotlin
153;CLOSED;Andrei Kislitsyn;scaleColorGradient2 doesn't work;2023-02-21T12:47:28Z;True;2023-02-22T09:01:15Z;lets-plot-kotlin
152;CLOSED;Stan;Plot not displaying in SwingNode;2023-01-30T14:53:27Z;True;2023-08-25T20:51:42Z;lets-plot-kotlin
143;CLOSED;Andrei Kislitsyn;Boxplot bug;2022-11-25T09:32:56Z;True;2023-08-24T20:13:46Z;lets-plot-kotlin
140;CLOSED;;Vulnerability in lets-plot-batik:2.5.0;2022-11-02T18:26:03Z;True;2022-12-30T20:27:19Z;lets-plot-kotlin
139;CLOSED;;Exports a plot to memomy buffer by ggsave;2022-10-25T16:54:13Z;True;2023-08-25T20:59:06Z;lets-plot-kotlin
137;OPEN;;Add a dynamic chart update;2022-10-07T06:36:01Z;False;;lets-plot-kotlin
136;OPEN;Andrei Kislitsyn;Group by multiple columns;2022-09-29T10:50:58Z;False;;lets-plot-kotlin
134;CLOSED;Holger Brandl;Using class and `+` instead of `.`-chained builder for plot composition results in hard-to-use API;2022-09-27T09:10:11Z;True;2023-06-28T19:34:36Z;lets-plot-kotlin
129;OPEN;Andrei Kislitsyn;kotlinx.datetime.LocalDate and LocalDateTime support;2022-09-05T14:32:17Z;False;;lets-plot-kotlin
128;CLOSED;Marc Plano-Lesay;Creating a custom palette;2022-08-09T04:48:03Z;True;2022-08-14T09:15:55Z;lets-plot-kotlin
123;CLOSED;Igor Alshannikov;Java docs: add links to related demo notebooks.;2022-06-28T20:23:44Z;True;2022-07-26T00:46:22Z;lets-plot-kotlin
121;CLOSED;Andrei Kislitsyn;Incorrect documentation for the geomPointRange.;2022-06-20T12:29:36Z;True;2022-06-21T15:51:18Z;lets-plot-kotlin
115;CLOSED;Iaroslav Postovalov;Non-conventional package name?;2022-06-11T17:37:16Z;True;2022-07-26T00:47:42Z;lets-plot-kotlin
112;OPEN;Roberto Fuentes;Is there a feature for displaying images on every bar from geomBar()?;2022-05-21T20:36:22Z;False;;lets-plot-kotlin
106;CLOSED;Konrad Nowicki;How to make geomImage display 2d array?;2022-02-11T12:45:32Z;True;2022-12-30T20:31:34Z;lets-plot-kotlin
105;CLOSED;Adrian Glapiński;`LinearBreaksHelper$Companion.computeNiceBreaks` out of memory error;2021-12-29T17:44:15Z;True;2022-03-30T15:39:46Z;lets-plot-kotlin
104;CLOSED;;incorrect legend;2021-12-29T17:38:43Z;True;2024-03-11T17:32:50Z;lets-plot-kotlin
103;CLOSED;Stanislav Poslavsky;Error: Variable not found in data frame;2021-12-26T19:59:13Z;True;2021-12-26T22:53:54Z;lets-plot-kotlin
102;CLOSED;Stanislav Poslavsky;Custom font family in Kotlin project;2021-12-24T14:46:04Z;True;2022-06-29T19:39:40Z;lets-plot-kotlin
99;CLOSED;Holger Brandl;Incorrect date axis rendering;2021-11-20T19:25:07Z;True;2022-03-30T15:37:11Z;lets-plot-kotlin
98;CLOSED;Holger Brandl;It fails to auto-convert number;2021-11-20T17:08:28Z;True;2021-11-25T08:06:15Z;lets-plot-kotlin
97;CLOSED;Holger Brandl;It should automatically stringify enums ;2021-11-15T11:28:59Z;True;2021-11-24T22:26:27Z;lets-plot-kotlin
94;OPEN;Stanislav Poslavsky;Heatmap with dendrogram;2021-10-27T22:34:33Z;False;;lets-plot-kotlin
86;CLOSED;Giuseppe Barbieri;Fresh cloned, ModuleVersionNotFoundException;2021-08-26T10:09:58Z;True;2021-08-26T17:06:40Z;lets-plot-kotlin
82;CLOSED;Holger Brandl;Too limited mapping options in `GenericAesMapping`;2021-07-17T12:02:34Z;True;2022-03-30T15:38:17Z;lets-plot-kotlin
81;OPEN;Holger Brandl;No indication of removed records;2021-07-17T11:17:49Z;False;;lets-plot-kotlin
80;CLOSED;Aleksei Zinovev;Update version of kotlinx.html dependency in lets-plot-batik from 0.7.1 to 0.7.3;2021-06-21T16:49:05Z;True;2021-06-23T11:15:24Z;lets-plot-kotlin
79;CLOSED;Aleksei Zinovev;"Strange message ""Graphics2D from BufferedImage lacks BUFFERED_IMAGE hint"" during usage lets-plot-batik";2021-06-21T14:30:49Z;True;2021-09-28T19:41:00Z;lets-plot-kotlin
78;CLOSED;Igor Alshannikov;"Import ""lets-plot-common"" transitively";2021-06-07T21:20:30Z;True;2021-06-09T21:37:39Z;lets-plot-kotlin
77;CLOSED;breandan;Some dependency issues migrating to 3.0.0;2021-06-05T05:08:30Z;True;2021-06-14T03:57:53Z;lets-plot-kotlin
76;CLOSED;Igor Alshannikov;All scales should have the 'format' parameter.;2021-06-04T20:15:32Z;True;2021-06-09T19:11:40Z;lets-plot-kotlin
74;CLOSED;Joel;Add legend to plot with multiple lines;2021-05-17T14:53:43Z;True;2021-09-28T19:44:32Z;lets-plot-kotlin
71;CLOSED;xiaoshen;Jetpack Compose Frontend;2021-05-01T23:39:18Z;True;2023-11-07T01:12:43Z;lets-plot-kotlin
70;CLOSED;Noak Palander;Where is the actual documentation of the framework?;2021-05-01T17:37:41Z;True;2021-08-04T18:28:50Z;lets-plot-kotlin
69;CLOSED;;How to use lets-plot-kotlin in modular JavaFX application?;2021-04-29T02:19:41Z;True;2021-04-30T06:10:15Z;lets-plot-kotlin
68;CLOSED;Kiryl Bubovich;Add possibility to create a pie chart, a bar chart with horizontal bars;2021-04-21T12:56:05Z;True;2022-12-30T20:34:09Z;lets-plot-kotlin
66;CLOSED;Suresh;Kotlin/JS support?;2021-04-19T06:05:25Z;True;2021-11-24T20:41:07Z;lets-plot-kotlin
56;OPEN;Jonathan Bisson;Missing module-info.java;2021-03-16T21:11:46Z;False;;lets-plot-kotlin
55;CLOSED;Jonathan Bisson;Moving out of jcenter/bintray?;2021-03-16T21:04:40Z;True;2021-04-19T18:47:40Z;lets-plot-kotlin
51;CLOSED;Holger Brandl;`show()` should actually show a plot;2021-02-13T10:24:27Z;True;2021-03-23T18:52:31Z;lets-plot-kotlin
46;CLOSED;Sebastian Waschnick;Please publish a standalone JVM artifact;2020-12-21T06:36:21Z;True;2021-02-15T18:00:17Z;lets-plot-kotlin
44;CLOSED;Louis CAD;Deprecate snake_case symbols (warning level forever) in favor of names following Kotlin conventions;2020-12-17T20:21:19Z;True;2021-02-15T18:52:25Z;lets-plot-kotlin
48;CLOSED;Piotr Krzemiński;X axis labels are not sorted alphanumerically;2020-11-02T08:43:23Z;True;2021-04-03T14:22:14Z;lets-plot-kotlin
40;CLOSED;Veyndan Stuart;JavaFX demo does not compile;2020-10-29T16:49:55Z;True;2020-10-29T21:06:53Z;lets-plot-kotlin
39;CLOSED;;geom_line data series is getting sorted on SVG export;2020-09-14T14:06:50Z;True;2020-11-23T18:43:28Z;lets-plot-kotlin
38;CLOSED;Igor Alshannikov;Nice to have an interactive zooming / panning on plots.;2020-09-08T20:31:19Z;True;2024-11-01T19:27:33Z;lets-plot-kotlin
37;CLOSED;;How to plot TimeSeries?;2020-09-05T20:21:32Z;True;2021-09-28T19:45:14Z;lets-plot-kotlin
36;CLOSED;Igor Alshannikov;Fix geom_bin2d doc;2020-08-10T18:37:01Z;True;2020-08-13T16:01:12Z;lets-plot-kotlin
49;CLOSED;Johnny Snelgrove;Intellij IDEA scratch file/worksheet support?;2020-07-31T23:09:00Z;True;2022-06-29T19:41:44Z;lets-plot-kotlin
28;CLOSED;;Facet grid truncated in jupyter;2020-07-04T22:51:28Z;True;2021-04-19T18:45:27Z;lets-plot-kotlin
27;CLOSED;Igor Alshannikov;Apply standardizing when data vector is passed via mapping;2020-07-02T22:26:17Z;True;2020-07-03T18:48:17Z;lets-plot-kotlin
24;CLOSED;Igor Alshannikov;Add `as_discrete()` function.;2020-06-29T21:18:55Z;True;2020-07-01T00:29:14Z;lets-plot-kotlin
21;CLOSED;Emmanuel Chavez;Duplicate class .. found in modules ... triggered by appcompat and lets-plot-common libraries ;2020-06-25T18:35:21Z;True;2022-06-29T19:42:21Z;lets-plot-kotlin
20;CLOSED;Igor Alshannikov;Document parameter `guide` in scales;2020-06-25T16:40:58Z;True;2020-06-30T15:46:26Z;lets-plot-kotlin
13;CLOSED;Igor Alshannikov;Nice to have numeric parameters to accept both: FP and integer values.;2020-06-17T22:22:11Z;True;2020-08-11T20:41:56Z;lets-plot-kotlin
7;CLOSED;Mrljdx;Failed to process '%use lets-plot' command. Unknown library 'lets-plot';2020-03-01T14:54:30Z;True;2020-03-08T01:02:32Z;lets-plot-kotlin
6;CLOSED;Thomas Schouten;Viewing the plot-api documentation online;2020-01-23T17:19:56Z;True;2020-08-11T20:51:19Z;lets-plot-kotlin
5;CLOSED;breandan;Documentation for using Maven artifacts;2019-12-10T22:40:54Z;True;2020-02-04T23:41:25Z;lets-plot-kotlin
27;OPEN;加油;Does lets-plot-skia support setting ggtb function?;2024-12-18T06:12:57Z;False;;lets-plot-skia
26;CLOSED;加油;Error when upgrading letsPlot to 4.5.2;2024-12-17T05:39:36Z;True;2024-12-17T16:08:47Z;lets-plot-skia
24;CLOSED;加油;Compose multiplatform version has been updated to 1.7.0, please add support for the above.;2024-10-18T01:19:47Z;True;2024-12-12T15:34:00Z;lets-plot-skia
19;CLOSED;Ivan Kupriyanov;"theme(exponent=""pow"") doesn't align text properly";2024-08-08T15:00:19Z;True;2024-08-08T20:40:30Z;lets-plot-skia
15;CLOSED;Ivan Kupriyanov;fontfamily aes is not supported;2024-08-06T19:17:45Z;True;2024-08-06T22:58:39Z;lets-plot-skia
14;CLOSED;加油;When setting the title to Chinese, Chinese garbled characters appear。;2024-08-01T01:29:22Z;True;2024-08-08T14:47:09Z;lets-plot-skia
13;CLOSED;;Sluggish UI on Ubuntu 24.04, Corretto JDK 17.04, Is there a way to enable/check GPU rendering? ;2024-07-14T18:00:09Z;True;2024-08-06T23:06:13Z;lets-plot-skia
12;OPEN;加油;When zooming the page with the mouse, a black layer appears when refreshing;2024-05-25T13:54:15Z;False;;lets-plot-skia
11;CLOSED;加油;[question] When will lets-plot-skia support kotlin 2.0.0 and Compose 1.6.10?;2024-05-25T13:42:41Z;True;2024-08-30T21:38:02Z;lets-plot-skia
10;OPEN;Kevin Cianfarini;Jetpack Compose internal error on Android ;2024-03-14T20:56:34Z;False;;lets-plot-skia
9;OPEN;Ivan Kupriyanov;Android: fast plot rebuild can cause a crash;2023-11-27T19:37:28Z;False;;lets-plot-skia
8;CLOSED;;Problem with running app, runtime library is missing;2023-11-19T22:58:39Z;True;2023-11-30T20:15:29Z;lets-plot-skia
6;CLOSED;加油; Does PlotPanel support dynamically refreshing data;2023-11-12T03:51:39Z;True;2023-12-01T14:35:07Z;lets-plot-skia
5;OPEN;Ivan Kupriyanov;Android: Only one subplot in the gggrid should display the tooltip.;2023-11-09T17:35:30Z;False;;lets-plot-skia
4;OPEN;Ivan Kupriyanov;Swing/Compose: If the mouse is moving fast enough, tooltips may get stuck on the gggrid.;2023-11-09T17:28:06Z;False;;lets-plot-skia
2;CLOSED;Sanmer;Unexpected redraw;2023-10-20T04:18:35Z;True;2023-11-02T22:10:15Z;lets-plot-skia
1;CLOSED;Igor Alshannikov;Geometry should be clipped by the boundaries of the plotting area.;2023-10-02T21:20:49Z;True;2023-10-03T19:54:15Z;lets-plot-skia
